Nom,Rareté,Qté,Prix_min_EUR,Valeur_ligne_EUR
Dragon de cuivre ancien,Mythique,1,90.82,90.82
Volonté de Jeska,Rare,1,31.26,31.26
Arme de souffle,Commune,2,9.4,18.8
Archéologue passionné,Mythique,1,15.6,15.6
Bâton dédoublant,Rare,1,14.64,14.64
Surrak et Griffeboyaux,Rare,1,14.09,14.09
Aide de Sigarda,Rare,1,13.1,13.1
Employée sinistre,Rare,1,12.79,12.79
Elixir de mille ans,Rare,1,11.95,11.95
Red Elemental Blast,Rare,2,5.55,11.1
Jouissance des richesses,Rare,1,10.92,10.92
Xorn,Rare,1,10.27,10.27
Dosan la feuille tombante,Rare,1,10.19,10.19
Tromperie selon Tibalt,Rare,1,9.57,9.57
Muse née des graines,Rare,1,9.46,9.46
Tribut à l'Arbre-monde,Rare,1,9.28,9.28
"Zopandrel, Dominus de la faim",Mythique,1,9.21,9.21
Bâton de domination,Rare,1,9.16,9.16
Starnheim aspirant,Peu Commune,1,8.84,8.84
Aspirante de Starheim,Peu Commune,1,8.84,8.84
Chasseur vengeur,Commune,1,8.53,8.53
"Prosper, lié au grimoire",Mythique,1,8.43,8.43
"Teyo, tacticien géométrique",Rare,1,8.21,8.21
"Chandra, fournaise éveillée",Mythique,1,7.01,7.01
"Délina, mage sauvage",Rare,1,6.95,6.95
Ad Nauseam,Mythique,1,6.91,6.91
Ensorceleur de magie sauvage,Rare,1,6.8,6.8
Cloudstone Curio,Mythique,1,6.36,6.36
Fabricateur de l'académie,Rare,1,6.1,6.1
Wulfgar du Valbise,Rare,1,6.07,6.07
Partage du butin,Rare,1,6.01,6.01
Solacier incandescent,Rare,1,5.9,5.9
"Rapine, explorateur exubérant",Rare,2,2.65,5.3
Blâme infernal,Rare,1,5.29,5.29
Coût de la guerre,Rare,1,5.21,5.21
"Kambal, consul de l'attribution",Rare,1,5.06,5.06
Emancipation ardente,Mythique,1,5.05,5.05
Ankh de Mishra,Rare,1,4.99,4.99
Pluie de richesses,Rare,1,4.96,4.96
Réverbération de blessure,Rare,1,4.81,4.81
Sauvegarde de Tamiyo,Commune,1,4.74,4.74
Croisade cathare,Rare,1,4.7,4.7
Seigneur bandit hobgobelin,Rare,1,4.6,4.6
Magewright's Stone,Peu Commune,1,4.54,4.54
Casseuse de figure professionnelle,Rare,1,4.5,4.5
Charme de Boros,Peu Commune,1,4.5,4.5
Anneau solaire,Peu Commune,5,0.83,4.15
Suspicion enfiévrée,Rare,1,4.13,4.13
Bourse magique de Bucknard,Peu Commune,1,4.11,4.11
Bâton de parachèvement,Mythique,1,4.08,4.08
Rune de garde providentielle,Rare,1,4.06,4.06
"Zur, intrigant éternel",Mythique,1,4.06,4.06
Le Voile de Chaîne,Mythique,1,3.93,3.93
Prix de la gloire,Peu Commune,1,3.86,3.86
Elite Lame-héron,Rare,1,3.86,3.86
Bottes de piedagile,Peu Commune,4,0.96,3.84
"Karn, le grand créateur",Rare,1,3.66,3.66
"Nattes, cauchemar éveillé",Rare,1,3.61,3.61
Retour au pays,Peu Commune,3,1.2,3.6
Doublure d'étincelles,Rare,1,3.53,3.53
Pinacle de l'hélice,Rare,1,3.53,3.53
Lièvre présumé,Commune,2,1.76,3.52
Exterminer,Peu Commune,1,3.51,3.51
Aubaine inattendue,Commune,1,3.32,3.32
"Téfeiri, celui qui ralentit le crépuscule",Mythique,1,3.25,3.25
"Torbran, Thane de Mont Rouge",Rare,1,3.24,3.24
Jambières d'éclair,Peu Commune,1,3.08,3.08
Mage ambisort,Rare,1,3.05,3.05
Zo-zu le châtieur,Rare,1,3.05,3.05
"Kess, mage insoumise",Mythique,1,3.03,3.03
"Adeline, cathare resplendissante",Rare,1,3.02,3.02
Calembredaine réécrit l'histoire,Rare,1,2.97,2.97
Annexe de Norn,Rare,1,2.95,2.95
Championne de Lambholt,Rare,1,2.87,2.87
Surabondance,Rare,1,2.87,2.87
Barbelures de mana,Rare,1,2.81,2.81
Marteaux de Moradin,Peu Commune,2,1.4,2.8
Pacte de l'invocateur,Rare,1,2.76,2.76
Pierre de Guermont,Peu Commune,3,0.87,2.61
Mathémagique,Mythique,1,2.54,2.54
Inversion de Wyll,Rare,1,2.53,2.53
Torque de liquimétal,Peu Commune,1,2.52,2.52
Témoin éternel,Peu Commune,3,0.84,2.52
Kami des espoirs susurrés,Peu Commune,1,2.5,2.5
Restauration fidèle,Peu Commune,2,1.25,2.5
Traversée des Enfers,Rare,1,2.44,2.44
Sérénade de strix,Rare,1,2.35,2.35
Sort de danse macabre,Rare,1,2.28,2.28
Soif d'Astarion,Rare,1,2.23,2.23
Carafe intarissable,Commune,1,2.22,2.22
Concierge sinistre,Rare,1,2.22,2.22
Acte blasphématoire,Rare,2,1.1,2.2
"Urabrask, praetor hérétique",Mythique,1,2.13,2.13
Museleur vexatoire,Rare,1,2.13,2.13
Héraut de la guerre,Rare,1,2.1,2.1
"Vronos, inquisiteur masqué",Rare,1,2.1,2.1
Chercheur de trouées de ciel,Commune,1,2.04,2.04
Lembas,Commune,1,2.03,2.03
Hellkite Tyrant,Mythique,1,2.02,2.02
Assaut implacable,Rare,1,1.96,1.96
Salve vandale,Peu Commune,1,1.95,1.95
Sage de l'évolution,Peu Commune,1,1.95,1.95
Cachet d'ésotérisme,Commune,5,0.38,1.9
Décompte des corps,Rare,1,1.88,1.88
Bouleversement des convenances,Rare,1,1.88,1.88
Geyser de mana,Commune,2,0.94,1.88
"Chandra, torche de la défiance",Mythique,1,1.87,1.87
Cachet de Rakdos,Peu Commune,2,0.91,1.82
Ajani l'inébranlable,Mythique,1,1.76,1.76
"Ral Zarek, conférencier invité",Mythique,1,1.76,1.76
Contemplation,Commune,1,1.74,1.74
Citadelle de la douleur,Peu Commune,1,1.73,1.73
Mouche d'ébène,Peu Commune,1,1.69,1.69
Elfes cordelliens,Commune,1,1.69,1.69
Maîtresse des marionnettes,Rare,1,1.68,1.68
Bricolage inspiré,Peu Commune,1,1.64,1.64
Agatha du vil chaudron,Mythique,1,1.62,1.62
Chevalier de l'Orchidée blanche,Rare,1,1.61,1.61
Instabilité tectonique,Rare,1,1.6,1.6
Talisman d'indulgence,Peu Commune,1,1.59,1.59
"Zul Ashur, seigneuresse liche",Rare,2,0.79,1.58
Vignoble d'Éladämri,Commune,1,1.58,1.58
Baguette des merveilles,Rare,1,1.55,1.55
Orbe des dragons,Rare,1,1.55,1.55
Sage de la spirale,Rare,1,1.53,1.53
Talisman de créativité,Peu Commune,1,1.5,1.5
Fin des festivités,Commune,1,1.5,1.5
Hache barbe,Peu Commune,1,1.47,1.47
Tyran des lignes ley,Mythique,1,1.44,1.44
Canaliseuse de flux,Peu Commune,1,1.41,1.41
"Omnath, Locus de mana",Mythique,1,1.38,1.38
Séraphin d'acier,Rare,1,1.35,1.35
"Elspeth, championne du Soleil",Mythique,1,1.34,1.34
Forgeur de soleil,Commune,1,1.3,1.3
Refuge félidar,Rare,1,1.26,1.26
Rats implacables,Peu Commune,1,1.26,1.26
"Chandra, héritage de feu",Rare,1,1.24,1.24
Artilleur ingénieux,Commune,1,1.24,1.24
Apprentie marionnettiste,Peu Commune,1,1.23,1.23
Saison des récoltes,Rare,1,1.23,1.23
Charme de Rakdos,Peu Commune,2,0.6,1.2
Formation inébranlable,Rare,2,0.59,1.18
Ignoble hiérarche,Rare,1,1.18,1.18
Scruter,Commune,2,0.58,1.16
Lamenoire reforgée,Rare,1,1.12,1.12
Prétendant à la lignée,Peu Commune,1,1.12,1.12
Majesté colossale,Peu Commune,1,1.09,1.09
Avant-garde de Sigarda,Rare,1,1.04,1.04
Itération résolue,Rare,1,1.03,1.03
"Ezuri, griffe du progrès",Mythique,1,1.03,1.03
Surtension,Rare,1,1.01,1.01
Chêne de course,Peu Commune,1,1.01,1.01
Masque d'Avacyn,Peu Commune,2,0.5,1.0
Fouineuse de Liliana,Peu Commune,2,0.49,0.98
Rythme du printemps,Rare,1,0.98,0.98
"Jace, stratège ésotérique",Mythique,1,0.96,0.96
"Léori, chasseur touché par l'étincelle",Mythique,1,0.96,0.96
Blême titubante,Commune,1,0.95,0.95
Etat cadavérique,Commune,1,0.95,0.95
Légion de clones,Mythique,1,0.95,0.95
Prédestination,Commune,1,0.95,0.95
Cachet de Boros,Peu Commune,2,0.46,0.92
Orbe des dragons de cornaline,Commune,2,0.46,0.92
Onirovore,Rare,1,0.91,0.91
Ressasser le passé,Rare,1,0.9,0.9
Dispute mortelle,Commune,2,0.45,0.9
Cachet d'Izzet,Peu Commune,2,0.45,0.9
Tablette de découverte,Peu Commune,1,0.9,0.9
"Elas il-kor, pèlerine sadique",Peu Commune,1,0.9,0.9
"Sram, chef édificateur",Rare,1,0.89,0.89
Grondement maléfique,Commune,1,0.88,0.88
Jaya's immolating Inferno,Rare,1,0.85,0.85
Fournaise immolatrice de Jaya,Rare,1,0.85,0.85
Clé d'argent de lune,Peu Commune,1,0.84,0.84
Domeskar,Rare,1,0.8,0.8
Romancière d'histoires criminelles,Peu Commune,1,0.77,0.77
Portée du kodama,Commune,1,0.76,0.76
Eclaircie,Peu Commune,1,0.75,0.75
Gardefoi onakke,Rare,1,0.74,0.74
Autorité incontestable,Peu Commune,1,0.73,0.73
Surveillant de pensées,Rare,1,0.72,0.72
Horde d'homoncules,Rare,1,0.71,0.71
Révélation shamanique,Rare,1,0.71,0.71
"Leinore, souveraine de l'automne",Mythique,1,0.71,0.71
"Zirda, éveilleur de l'aube",Rare,1,0.71,0.71
Conviction corrompue,Commune,2,0.35,0.7
Pierre d'horizon,Rare,1,0.7,0.7
Aventurière des Cavernes du Chaos,Rare,1,0.7,0.7
Néoforme,Peu Commune,1,0.7,0.7
Noyade dans la sanie,Peu Commune,1,0.69,0.69
Cachet de Dimir,Commune,1,0.69,0.69
Cadeau généreux,Commune,1,0.68,0.68
Chemin vers l'exil,Peu Commune,1,0.67,0.67
Fontaine de sang,Commune,1,0.67,0.67
Ecuyer d'airain,Peu Commune,1,0.67,0.67
Réveiller la bête,Peu Commune,1,0.67,0.67
Jace Beleren,Mythique,1,0.64,0.64
Ecurage de pensée,Commune,1,0.64,0.64
"Narset, déchireuse des voiles",Peu Commune,1,0.63,0.63
Intruse du Tumulus des Embruns,Commune,2,0.31,0.62
Fin de semestre,Rare,1,0.6,0.6
Fléau des forts célestes,Mythique,1,0.6,0.6
Nécrosynthèse,Peu Commune,3,0.2,0.6
Tissefeu téméraire,Commune,1,0.6,0.6
Arrêter les frais,Rare,1,0.6,0.6
Cherchauloin,Peu Commune,1,0.6,0.6
"Kyler, émissaire sigardien",Mythique,1,0.59,0.59
Talisman d'unité,Peu Commune,1,0.58,0.58
Critique traumatisante,Rare,1,0.58,0.58
"Esior, familier ailerune",Peu Commune,1,0.57,0.57
Lorcan collectionneur de sorciers,Rare,1,0.56,0.56
Livre de sorts,Peu Commune,1,0.56,0.56
Vous trouvez des prisonniers,Peu Commune,2,0.28,0.56
"Mangara, le diplomate",Rare,1,0.55,0.55
Triskaïdékaphile,Rare,1,0.55,0.55
Zénith du pouvoir,Mythique,1,0.54,0.54
"Jace, mage du miroir",Mythique,1,0.54,0.54
Confluence mystique,Rare,1,0.54,0.54
Remuer la terre,Peu Commune,3,0.18,0.54
Serment de Téfeiri,Rare,1,0.54,0.54
Ombre du Bouffon,Rare,1,0.53,0.53
Pétitionnaires tenaces,Commune,1,0.53,0.53
"Giada, fontaine de l'espoir",Rare,1,0.52,0.52
Pèlerin d'Avacyn,Commune,1,0.51,0.51
Mur de déni,Peu Commune,1,0.51,0.51
"Carnage, chaos écarlate",Rare,1,0.51,0.51
Maîtrise de l'art de la guerre,Rare,1,0.51,0.51
Ange de la gloire triomphante,Rare,1,0.5,0.5
Bénédiction de Seigneur Grouilleur,Rare,1,0.5,0.5
Epine de la Rose Noire,Commune,2,0.25,0.5
Double vision,Rare,1,0.5,0.5
Ancien de Zhur-Taa,Rare,1,0.5,0.5
Greffier entravarc,Commune,3,0.16,0.48
Esprit de malveillance,Commune,4,0.12,0.48
Flambeau des Sentinelles,Rare,1,0.47,0.47
"Mikaeus, le lunarque",Mythique,1,0.46,0.46
Procession de goules,Peu Commune,2,0.23,0.46
Affres,Rare,2,0.23,0.46
Soulèvement de Garruk,Peu Commune,1,0.45,0.45
Nourrir l'essaim,Commune,2,0.22,0.44
Epée des Paruns,Rare,1,0.44,0.44
Cachet d'Azorius,Peu Commune,2,0.22,0.44
Sentinelle Front de boucliers,Commune,2,0.22,0.44
"Lorthos, le Faiseur de marées",Rare,1,0.44,0.44
Blâme du fleuve,Rare,1,0.44,0.44
"Eowyn, chevalière intrépide",Rare,1,0.44,0.44
Epée de la vengeance,Rare,1,0.43,0.43
Trouble-fête,Rare,1,0.43,0.43
Groupe d'abordage,Commune,1,0.43,0.43
Fêtard,Rare,1,0.43,0.43
Sacres de l'abondance,Rare,1,0.43,0.43
"Sigarda, grâce du héron",Mythique,1,0.43,0.43
Charme de l'aube,Peu Commune,1,0.42,0.42
Chroniqueur du zénith,Rare,1,0.42,0.42
Coffre au trésor,Rare,1,0.42,0.42
"Wyll, lame des frontières",Rare,1,0.42,0.42
Rituel de l'orage en furie,Peu Commune,1,0.42,0.42
Gardien des nuées de Bois-manteau,Commune,2,0.21,0.42
Chevalier cadavérique,Peu Commune,1,0.42,0.42
"Hydro-Man, félon fluide",Rare,1,0.41,0.41
Visions nées du sérum,Peu Commune,1,0.41,0.41
Recherche effrénée,Commune,1,0.41,0.41
Phénix de Jaya,Rare,1,0.4,0.4
Distorsion chaotique,Rare,1,0.4,0.4
"Kurbis, officiant des moissons",Rare,1,0.4,0.4
"Anara, familier lupide",Peu Commune,1,0.4,0.4
Anarchomancien gobelin,Commune,1,0.4,0.4
"Nahiri, l'annonciatrice",Mythique,1,0.4,0.4
Narset des traditions,Mythique,1,0.4,0.4
Ecumeur de lazotèpe,Commune,3,0.13,0.39
Marteau de guerre loxodon,Rare,1,0.39,0.39
Phénix ravivé,Mythique,1,0.39,0.39
Souhait,Rare,1,0.39,0.39
Carcasse mécanique de verdure,Mythique,1,0.39,0.39
Spasme de croissance,Commune,1,0.39,0.39
"Anhelo, le peintre",Mythique,1,0.39,0.39
"Narset, maîtresse éclairée",Mythique,1,0.39,0.39
Bestiaire du façonneur de vie,Rare,1,0.38,0.38
"Skwi, l'immortel",Rare,1,0.38,0.38
Embraser l'avenir,Rare,1,0.38,0.38
Pression sur l'ennemi,Rare,1,0.38,0.38
Raie bioluminescente,Rare,1,0.37,0.37
Drizzt Do'Urden,Rare,1,0.37,0.37
Exsanguination,Peu Commune,1,0.36,0.36
Voleuse de magot,Commune,2,0.18,0.36
Talisman de progrès,Peu Commune,1,0.36,0.36
Flamboiement de mana,Rare,1,0.36,0.36
Passage secret,Commune,2,0.18,0.36
Krydle de la Porte de Baldur,Peu Commune,2,0.18,0.36
Mayhem Devil,Rare,1,0.36,0.36
Dragon éternel,Rare,1,0.34,0.34
Exploratrice d'Oreskos,Peu Commune,2,0.17,0.34
"Karumonix, le roi des rats",Rare,1,0.34,0.34
Maléfice hexagonal,Rare,2,0.17,0.34
"Etali, tempête primordiale",Rare,1,0.34,0.34
Rage monstrueuse,Peu Commune,2,0.17,0.34
Elémental du culte de la Terre,Commune,2,0.17,0.34
Talent de Téfeiri,Rare,1,0.34,0.34
Rassembleuse de rumeurs,Peu Commune,1,0.33,0.33
Médecin sinistre,Commune,3,0.11,0.33
Mentor exigeant,Rare,1,0.33,0.33
Adepte sinistre,Commune,3,0.11,0.33
Remontrance sévère,Peu Commune,1,0.33,0.33
Mammouth agressif,Rare,1,0.33,0.33
Déploiement des Sentinelles,Mythique,1,0.32,0.32
Pontife du fléau,Rare,1,0.32,0.32
Contaminateur de la chair,Rare,1,0.32,0.32
Enquête infectieuse,Commune,1,0.32,0.32
Conservateur de mystères,Rare,1,0.32,0.32
Corbeau d'argent,Commune,2,0.16,0.32
Ancien immémoré,Rare,1,0.32,0.32
Terminaison,Rare,1,0.32,0.32
The Howling Abomination,Rare,1,0.32,0.32
"Parnesse, le pinceau subtil",Mythique,1,0.32,0.32
Shaku usé par l'honneur,Peu Commune,1,0.31,0.31
Compagnon du séjourneur,Commune,1,0.31,0.31
"Laelia, la lame reforgée",Rare,1,0.31,0.31
Hiérophantes de Citalune,Rare,1,0.31,0.31
Protectrice du bastion,Rare,1,0.3,0.3
Voloscille,Peu Commune,2,0.15,0.3
Maréchal d'Haazda,Peu Commune,2,0.15,0.3
Anneau de Valkas,Peu Commune,1,0.3,0.3
Fall of Cair Andros,Rare,1,0.3,0.3
Echange audacieux,Rare,1,0.3,0.3
Wagonnet d'assaut doré,Peu Commune,2,0.15,0.3
Ogresse entasseuse,Commune,3,0.1,0.3
Torsion temporelle de Téfeiri,Commune,1,0.3,0.3
Culture,Peu Commune,1,0.3,0.3
Délinquant et Giada,Rare,1,0.3,0.3
Commandante Liara Portyr,Peu Commune,2,0.15,0.3
"Cecily, haunted Mage",Rare,1,0.3,0.3
Envoûteuses de Cuombajj,Peu Commune,1,0.29,0.29
Gobelin au cri de guerre,Peu Commune,1,0.29,0.29
Hackeuse du circuit lunaire,Commune,1,0.29,0.29
Forme aqueuse,Commune,1,0.29,0.29
Appel inspirateur,Peu Commune,1,0.29,0.29
Dépopulation,Rare,1,0.28,0.28
Mépris selon Liliana,Rare,1,0.28,0.28
Outils de voleur,Commune,2,0.14,0.28
Galopin cacophonique,Peu Commune,1,0.28,0.28
Barbare saccageur,Commune,2,0.14,0.28
Révélation électrique,Commune,2,0.14,0.28
"Jace, architecte des pensées",Mythique,1,0.28,0.28
Célébrer les moissons,Rare,1,0.28,0.28
Geist du saule,Rare,1,0.28,0.28
Confluence des Maestros,Rare,1,0.28,0.28
Orateur passionné,Commune,3,0.09,0.27
Vous entendez quelque chose,Commune,3,0.09,0.27
Sac dévoreur,Rare,1,0.27,0.27
Disque de Nevinyrral,Rare,1,0.27,0.27
Talisman de conviction,Peu Commune,1,0.27,0.27
Don d'Hardiesce,Rare,1,0.27,0.27
Marraine des arts,Commune,1,0.27,0.27
Salutation de Jaya,Commune,3,0.09,0.27
Onde-geist,Commune,3,0.09,0.27
"Orcus, prince de la Non-vie",Rare,1,0.27,0.27
"Odric, maréchal lunarque",Rare,1,0.26,0.26
Disciple du Caveau,Peu Commune,1,0.26,0.26
Forgemyr myr,Commune,2,0.13,0.26
Sac sans fond,Commune,2,0.13,0.26
Marteau nain,Peu Commune,2,0.13,0.26
Canonnade ardente,Commune,1,0.26,0.26
Drakôn chassorage,Peu Commune,1,0.26,0.26
Ancêtre moussebarbe,Peu Commune,2,0.13,0.26
Fracasseur des halliers,Commune,2,0.13,0.26
Pourvoyeuse de Saruli,Commune,1,0.26,0.26
Magma opus,Mythique,1,0.26,0.26
Courbe de croissance,Peu Commune,2,0.13,0.26
"Aragorn, chef de la compagnie",Rare,1,0.26,0.26
Yurlok des rosse-brûlure,Rare,1,0.26,0.26
Serment de Gideon,Rare,1,0.25,0.25
Eclaireuse vaillante,Rare,1,0.25,0.25
Opportuniste morbide,Peu Commune,1,0.25,0.25
Cuve de mimétisme,Rare,1,0.25,0.25
Ornithoptère de paradis,Commune,1,0.25,0.25
Shamane tremblepierre,Peu Commune,1,0.25,0.25
Apprentie loyale,Peu Commune,1,0.25,0.25
Maîtresse des bêtes de Somberwald,Rare,1,0.25,0.25
Muralistes draconiques,Peu Commune,1,0.25,0.25
"Niambi, oratrice respectée",Rare,1,0.25,0.25
Récif émergent,Peu Commune,1,0.25,0.25
"Syrix, porteur de la Flamme",Rare,1,0.25,0.25
Source de Norn,Rare,1,0.24,0.24
Bergère du cosmos,Peu Commune,2,0.12,0.24
Carnage de Kaya,Peu Commune,2,0.12,0.24
Sonner l'alerte,Commune,4,0.06,0.24
Clerc du Sort-code,Commune,3,0.08,0.24
Charge des puces,Commune,2,0.12,0.24
Prêtre du rite de l'ombre,Rare,1,0.24,0.24
Etreinte démoniaque,Rare,1,0.24,0.24
Enjambeur du malheur,Rare,1,0.24,0.24
Vagabond sinistre,Peu Commune,3,0.08,0.24
Golem d'argile,Peu Commune,1,0.24,0.24
Sphère du commandant,Commune,3,0.08,0.24
Rayonnement répétitif,Rare,1,0.24,0.24
Bande de guerre gnoll,Peu Commune,1,0.24,0.24
Exacerbation,Commune,3,0.08,0.24
Perchoir comminatoire,Peu Commune,2,0.12,0.24
Contempler le multivers,Commune,1,0.24,0.24
Mage du Candélabre,Rare,1,0.24,0.24
Gibbon imposant,Peu Commune,1,0.24,0.24
Duel forcé,Commune,2,0.12,0.24
Canopée carnivore,Commune,2,0.12,0.24
"Zoraline, meneuse du cosmos",Rare,1,0.24,0.24
Escorte intrépide,Rare,1,0.24,0.24
Représentante de la victoire,Rare,1,0.23,0.23
Expulsez les intrus !,Rare,1,0.23,0.23
Faucon de cartographe,Peu Commune,1,0.23,0.23
Esprit au clairon,Peu Commune,1,0.23,0.23
Coffre du moribond,Rare,1,0.23,0.23
Recrutement effroyable,Rare,1,0.23,0.23
Cachet de Gruul,Peu Commune,1,0.23,0.23
Apprenti de Breya,Rare,1,0.23,0.23
Ricochet incontrôlé,Rare,1,0.23,0.23
Prodige ingénieux,Rare,1,0.23,0.23
"Talrand, invocateur céleste",Rare,1,0.23,0.23
Fouille temporelle,Rare,1,0.23,0.23
Fondation de la Troisième Voie,Peu Commune,1,0.23,0.23
Sage de Somberwald,Rare,1,0.23,0.23
Rugissement de défi,Peu Commune,1,0.23,0.23
Témoin de l'évolution,Commune,1,0.23,0.23
Reboisement de moiselierre,Peu Commune,1,0.23,0.23
Cavaliers de Gavonie,Rare,1,0.22,0.22
Rendre à la poussière,Peu Commune,2,0.11,0.22
Moine githzerai,Peu Commune,1,0.22,0.22
Confinement minimal,Commune,2,0.11,0.22
Clique des marionnettistes,Rare,1,0.22,0.22
Pacte damné,Rare,1,0.22,0.22
Chef des quais,Peu Commune,1,0.22,0.22
Cuve de renaissance,Peu Commune,1,0.22,0.22
Bombe crânienne du Labyrinthe,Commune,2,0.11,0.22
Louveteau intrépide,Commune,2,0.11,0.22
Attaque en meute,Commune,2,0.11,0.22
Capitaine hobgobeline,Commune,2,0.11,0.22
Ouvrir les percées de présage,Commune,2,0.11,0.22
Bûcher funéraire cathartique,Commune,1,0.22,0.22
Chat de braises de Chandra,Commune,2,0.11,0.22
Elémental d'étincelles,Commune,1,0.22,0.22
Dragon-tortue,Rare,1,0.22,0.22
Jugement de Zndrsplt,Rare,1,0.22,0.22
Contrefaçon parfaite,Rare,1,0.22,0.22
Ecrits ailés,Commune,2,0.11,0.22
Espionne coutelâme,Commune,2,0.11,0.22
Chercheur de raccourcis,Commune,2,0.11,0.22
Terreur tolariane,Commune,1,0.22,0.22
Zélateur sigardien,Peu Commune,1,0.22,0.22
Forme sauvage,Peu Commune,1,0.22,0.22
Arrivée du Roi-sorcier,Peu Commune,1,0.22,0.22
Slivoïde nécrotique,Peu Commune,1,0.22,0.22
Gideon Jura,Mythique,1,0.21,0.21
Promesse de fidélité,Rare,1,0.21,0.21
Nova purificatrice,Rare,1,0.21,0.21
Emprise du destin,Peu Commune,1,0.21,0.21
Compagnon fougueux,Commune,1,0.21,0.21
Vigile de Serra,Commune,1,0.21,0.21
Exploratrice de donjon vétérane,Commune,3,0.07,0.21
"Gonti, seigneur de l'opulence",Rare,1,0.21,0.21
Moissonneuse de belladone,Rare,1,0.21,0.21
Lire dans les os,Peu Commune,1,0.21,0.21
Chute de Vraska,Commune,1,0.21,0.21
Camion des tortues,Rare,1,0.21,0.21
Taupe excavatrice,Peu Commune,1,0.21,0.21
Simic Signet,Peu Commune,1,0.21,0.21
Casse-cou de la Flotte implacable,Rare,1,0.21,0.21
Géant tectonique,Rare,1,0.21,0.21
Heaume du persécuteur,Commune,3,0.07,0.21
Messager porte-torche,Commune,1,0.21,0.21
Serment de Jace,Rare,1,0.21,0.21
Animiste cendracine,Rare,1,0.21,0.21
"Astor, porteur de lames",Rare,1,0.21,0.21
Armé et cuirassé,Peu Commune,1,0.2,0.2
Renforts résolus,Peu Commune,2,0.1,0.2
Avoquiste d'Orzhov,Peu Commune,2,0.1,0.2
Skald chanteguerre,Peu Commune,1,0.2,0.2
Commando cathare,Commune,2,0.1,0.2
Détective obstiné,Rare,1,0.2,0.2
Gestion des déchets,Rare,1,0.2,0.2
Déceler les pièges,Peu Commune,2,0.1,0.2
Construction de confinement,Peu Commune,1,0.2,0.2
Obélisque instable,Commune,2,0.1,0.2
Prisme prophétique,Commune,4,0.05,0.2
Bombe crânienne de Mephidross,Commune,2,0.1,0.2
Raptor déchaîné,Rare,1,0.2,0.2
Réacteur de brandedragon,Peu Commune,1,0.2,0.2
Eclairer la piste,Peu Commune,1,0.2,0.2
Double fournaise,Peu Commune,1,0.2,0.2
Javeline de foudre,Commune,2,0.1,0.2
Hâte,Commune,1,0.2,0.2
Ecrabouiller,Commune,2,0.1,0.2
Vaurien des tavernes,Commune,2,0.1,0.2
Rage de bataille temurienne,Commune,1,0.2,0.2
Voyante sangnuage,Commune,2,0.1,0.2
Perspicacité du vivichirurgien,Commune,1,0.2,0.2
Impetus prédatoire,Commune,2,0.1,0.2
Chef cuisinier,Commune,2,0.1,0.2
Faim cosmique,Commune,1,0.2,0.2
Chatter of the Squirrel,Commune,1,0.2,0.2
Course-poursuite cryptique,Rare,1,0.2,0.2
Chercheur de reliques,Rare,1,0.19,0.19
Sauveteuse landéenne,Rare,1,0.19,0.19
Siège de la citadelle,Rare,1,0.19,0.19
Heure du Jugement,Rare,1,0.19,0.19
Ange de la vitalité,Peu Commune,1,0.19,0.19
"Danitha Capashen, parangon",Peu Commune,1,0.19,0.19
Témoin au rabais,Commune,1,0.19,0.19
Chasseur serviable,Commune,1,0.19,0.19
Vapeurs dévorantes,Rare,1,0.19,0.19
Du sang sur la neige,Rare,1,0.19,0.19
Champion sanguinolent,Rare,1,0.19,0.19
Pacte de Xander,Rare,1,0.19,0.19
Crânoglodyte biliaire,Peu Commune,1,0.19,0.19
Briser la glace,Peu Commune,1,0.19,0.19
Anneau de Thiune,Peu Commune,1,0.19,0.19
Relieur de circuits,Peu Commune,1,0.19,0.19
Inspecteur de la fonderie,Commune,1,0.19,0.19
Ecrabouilleur d'Ulamog,Commune,1,0.19,0.19
Frappe double,Peu Commune,1,0.19,0.19
Cratérier gobelin,Peu Commune,1,0.19,0.19
Retombées volcaniques,Peu Commune,1,0.19,0.19
Vous avez été pris en flagrant délit de vol,Commune,1,0.19,0.19
Duplication extravagante,Rare,1,0.19,0.19
Ancrer à la réalité,Peu Commune,1,0.19,0.19
Vous voyez un garde approcher,Commune,1,0.19,0.19
Repos long,Rare,1,0.19,0.19
"Kwain, factotum itinérant",Rare,1,0.19,0.19
"Belbé, observatrice corrompue",Rare,1,0.19,0.19
Chantefeu et Languesoleil,Rare,1,0.19,0.19
Zénith de Blancsoleil,Rare,1,0.18,0.18
Condamnation,Peu Commune,2,0.09,0.18
Forgeronne ingénieuse,Peu Commune,1,0.18,0.18
Sur les ailes de Serra,Peu Commune,1,0.18,0.18
Buffle géant,Commune,2,0.09,0.18
Capitaine de l'équipe de recherche,Commune,2,0.09,0.18
Tranchant sanguinolent,Peu Commune,1,0.18,0.18
Ogre zombie,Commune,1,0.18,0.18
Guide-chandelle de la croisée,Commune,3,0.06,0.18
Ailes de corbeau,Commune,2,0.09,0.18
Sarkhan l'Insoumis,Rare,1,0.18,0.18
Fiellefouet,Rare,1,0.18,0.18
Brûleur gambadant,Peu Commune,1,0.18,0.18
Nuée de gobelins,Commune,2,0.09,0.18
Berserker casse-cou,Commune,2,0.09,0.18
Renforts nains,Commune,2,0.09,0.18
Folie furieuse,Commune,2,0.09,0.18
Sanglier sabot-de-fer,Commune,2,0.09,0.18
Amplificatrice guitûke,Commune,2,0.09,0.18
Issu des rêves,Rare,1,0.18,0.18
Fouilleur de donjon,Peu Commune,2,0.09,0.18
Talisman du farceur,Peu Commune,1,0.18,0.18
Elève ondin,Commune,1,0.18,0.18
Sauvage maîtresse des bêtes,Rare,1,0.18,0.18
Exovigne,Rare,1,0.18,0.18
Vous vous retrouvez à la taverne,Peu Commune,2,0.09,0.18
Druide du cercle de la lune,Commune,2,0.09,0.18
Croissance luxuriante,Commune,1,0.18,0.18
"Kangee, garde céleste",Peu Commune,1,0.18,0.18
Cendrelianes,Rare,1,0.18,0.18
Coup d'état militaire,Rare,1,0.17,0.17
Malédiction de conformité,Rare,1,0.17,0.17
Mur de deuil,Rare,1,0.17,0.17
Voyageur lointain,Peu Commune,1,0.17,0.17
Résistance divine,Peu Commune,1,0.17,0.17
Rôdeur nezumi,Peu Commune,1,0.17,0.17
Diamant du feu,Commune,1,0.17,0.17
Marut,Commune,1,0.17,0.17
Réaction en chaîne,Rare,1,0.17,0.17
Franc-tireur double-tir,Peu Commune,1,0.17,0.17
"Wilson, grizzly raffiné",Peu Commune,1,0.17,0.17
Combat concerté,Commune,1,0.17,0.17
Liche engrimoirée,Peu Commune,1,0.17,0.17
"Saheeli, sublime artificière",Peu Commune,1,0.17,0.17
Druide de Zhur-Taa,Commune,1,0.17,0.17
Familier du Gardecroc,Rare,1,0.17,0.17
Gargouille du cloître,Peu Commune,2,0.08,0.16
Bénédiction du lameciel,Peu Commune,1,0.16,0.16
"Abdel Adrian, pupille de Gorion",Peu Commune,1,0.16,0.16
Prêtre de bataille abzan,Peu Commune,1,0.16,0.16
"Baird, Steward of Argive",Peu Commune,1,0.16,0.16
Guérisseuse accompagnée,Peu Commune,1,0.16,0.16
Potentiel illimité,Commune,2,0.08,0.16
Verdict de fer,Commune,2,0.08,0.16
Oracle du domeskar,Commune,2,0.08,0.16
Piège à chandelles,Commune,2,0.08,0.16
Faucon du rôdeur,Commune,1,0.16,0.16
Cartographe Kor,Commune,2,0.08,0.16
Championne de la forteresse naine,Commune,2,0.08,0.16
Gourmet d'entrailles,Peu Commune,2,0.08,0.16
Gastronome vampire,Peu Commune,1,0.16,0.16
Trimardeur du donjon,Peu Commune,2,0.08,0.16
Héraut de Hadar,Commune,1,0.16,0.16
Scinde-os,Commune,1,0.16,0.16
Canaliseur de chaos,Peu Commune,1,0.16,0.16
Espadon ramosien,Peu Commune,2,0.08,0.16
"Dargo, le faiseur d'épaves",Peu Commune,1,0.16,0.16
Masque d'immolation,Peu Commune,1,0.16,0.16
Garroter,Commune,1,0.16,0.16
Voleur de caveau,Commune,2,0.08,0.16
Visionnaire forge-étincelle,Rare,1,0.16,0.16
Sphinge maîtresse des énigmes,Rare,1,0.16,0.16
Secrets de la clé,Commune,2,0.08,0.16
Passe-passe,Commune,1,0.16,0.16
Shamane à dos argenté,Commune,2,0.08,0.16
Recluse de Gnottvold,Commune,2,0.08,0.16
Mitouard de la fierté,Commune,1,0.16,0.16
Hersage,Commune,1,0.16,0.16
Théâtre des horreurs,Rare,1,0.16,0.16
Enclume du culte des oni,Peu Commune,1,0.16,0.16
Chevalier sans souffle,Commune,1,0.16,0.16
Dragon intemporel,Rare,1,0.15,0.15
Jugement céleste,Rare,1,0.15,0.15
La Vagabonde,Peu Commune,1,0.15,0.15
Chevalière vénérable,Peu Commune,1,0.15,0.15
"Kemba, kha régente",Peu Commune,1,0.15,0.15
Fauconnier abzan,Peu Commune,1,0.15,0.15
Refuser de céder,Peu Commune,1,0.15,0.15
Pacifisme,Commune,3,0.05,0.15
Rapace de champ de bataille,Commune,1,0.15,0.15
Clerc porteur de l'aube,Commune,1,0.15,0.15
Règne de l'Abîme,Rare,1,0.15,0.15
Emprise des ténèbres,Commune,3,0.05,0.15
Sphérapode durable,Commune,3,0.05,0.15
Embusqueur de Mukotai,Commune,1,0.15,0.15
Cruauté d'Ob Nixilis,Commune,1,0.15,0.15
Sage de l'infestation,Commune,1,0.15,0.15
Hurlefeu,Peu Commune,1,0.15,0.15
Troussecabot,Peu Commune,1,0.15,0.15
Etincelles chorégraphiées,Rare,1,0.15,0.15
Dragon shivân,Rare,3,0.05,0.15
Saisie malveillante,Rare,1,0.15,0.15
Poings de flammes,Commune,1,0.15,0.15
Piler,Commune,1,0.15,0.15
Orage des dragons tourbillonnant,Peu Commune,1,0.15,0.15
Rejet de l'imperfection,Peu Commune,1,0.15,0.15
Limon nécrophage,Rare,1,0.15,0.15
Limon d'Oran-Rief,Rare,1,0.15,0.15
Scrotch !,Commune,3,0.05,0.15
Fureteur spiracine,Peu Commune,1,0.15,0.15
Invocation de la Justice,Rare,1,0.14,0.14
Suivante du mage,Peu Commune,1,0.14,0.14
Sanctificatrice de la milice d'albâtre,Commune,2,0.07,0.14
Aigles du nord,Commune,1,0.14,0.14
Torche de fouilleur,Commune,1,0.14,0.14
Pisteur des ténèbres,Commune,2,0.07,0.14
Maîtresse skald,Commune,2,0.07,0.14
Paladine inspiratrice,Commune,1,0.14,0.14
Ombre du fort céleste,Rare,1,0.14,0.14
Lamenuit de Nadier,Peu Commune,1,0.14,0.14
Faucheuse vengeresse,Peu Commune,1,0.14,0.14
Cri du carnarium,Peu Commune,1,0.14,0.14
Don sinistre,Commune,2,0.07,0.14
Buveur de sanie,Commune,1,0.14,0.14
Pierre de l'esprit,Peu Commune,1,0.14,0.14
Lame du héros,Peu Commune,2,0.07,0.14
Pioche de Veinedor,Commune,2,0.07,0.14
Arni frontcassé,Rare,1,0.14,0.14
Chimiste d'Izzet,Rare,1,0.14,0.14
Blâme fulminant,Peu Commune,1,0.14,0.14
Oxydeur,Peu Commune,2,0.07,0.14
Baladin insupportable,Commune,1,0.14,0.14
Fanatiques de Tiamat,Commune,1,0.14,0.14
Crescendo brûlant,Commune,2,0.07,0.14
Cracheur de lances,Commune,1,0.14,0.14
Pouvoir de persuasion,Peu Commune,2,0.07,0.14
Portail du sanctuaire,Peu Commune,1,0.14,0.14
Perspîcacité du chimiste,Peu Commune,1,0.14,0.14
Sceau d'enlèvement,Peu Commune,1,0.14,0.14
Botte dédaigneuse,Commune,2,0.07,0.14
Illusionniste pixie,Commune,2,0.07,0.14
Lecture d'âme,Commune,1,0.14,0.14
Instant de vérité,Commune,1,0.14,0.14
Harmonisation,Rare,1,0.14,0.14
Enlaceur sournois,Peu Commune,2,0.07,0.14
Sage du reboisement,Peu Commune,1,0.14,0.14
Tyrannodon somnolant,Commune,2,0.07,0.14
Coccinelle géante,Commune,1,0.14,0.14
Sentinelle de Jaspera,Commune,1,0.14,0.14
Pachyderme primordial,Commune,1,0.14,0.14
"Stenn, partisan paranoïaque",Rare,1,0.14,0.14
"Juri, maître de la Revue",Peu Commune,1,0.14,0.14
"Hamza, vigile d'Arashin",Peu Commune,1,0.14,0.14
Shikari entravarc,Peu Commune,1,0.14,0.14
Déchaînement de l'enfer,Rare,1,0.14,0.14
Tir runique,Peu Commune,1,0.13,0.13
Chien de garde alpin,Commune,1,0.13,0.13
Prêtre de la sapience ancestrale,Commune,1,0.13,0.13
Alliée planaire,Commune,1,0.13,0.13
Ombresage de Skemfar,Peu Commune,1,0.13,0.13
Festin de sanité,Peu Commune,1,0.13,0.13
Hurlegueule,Peu Commune,1,0.13,0.13
Déterrer le cadavre,Commune,1,0.13,0.13
Chute tragique,Commune,1,0.13,0.13
Lieu sûr mirran,Rare,1,0.13,0.13
Selesnya Keyrune,Peu Commune,1,0.13,0.13
Battos,Peu Commune,1,0.13,0.13
Autel des goyfs,Peu Commune,1,0.13,0.13
Cape hantée,Commune,1,0.13,0.13
Brasier dévastateur,Peu Commune,1,0.13,0.13
Rune de vitesse,Peu Commune,1,0.13,0.13
Dévastateur de basalt,Peu Commune,1,0.13,0.13
Affres du chaos,Peu Commune,1,0.13,0.13
Eclair explosif,Commune,1,0.13,0.13
Brigade de choc,Commune,1,0.13,0.13
Banc de brouillard,Peu Commune,1,0.13,0.13
Triomphe de Jace,Peu Commune,1,0.13,0.13
Illumination hiéroglyphique,Commune,1,0.13,0.13
Vous trouvez le repaire des ennemis,Commune,1,0.13,0.13
Souffle dispersant,Commune,1,0.13,0.13
Iconoclaste de la Yavimaya,Peu Commune,1,0.13,0.13
Choisissez votre arme,Peu Commune,1,0.13,0.13
Ouvrez les portes !,Commune,1,0.13,0.13
Ranger frère des bêtes,Commune,1,0.13,0.13
Disparition dans la mémoire,Peu Commune,1,0.13,0.13
"Rôdeur, voleur griffu",Peu Commune,1,0.13,0.13
Butineuse de halo,Peu Commune,1,0.13,0.13
Sangboré d'éclair,Peu Commune,1,0.13,0.13
Danse de la visionnaire,Commune,1,0.13,0.13
Troll de Lotleth,Peu Commune,1,0.13,0.13
Buteur de corps,Commune,1,0.13,0.13
"Svella, modeleuse de glace",Peu Commune,1,0.13,0.13
Champion de la Grâce du héron,Rare,1,0.13,0.13
Lieurs d'âme des Custodi,Rare,1,0.12,0.12
Royaume carcéral,Peu Commune,1,0.12,0.12
Aérain de griffons,Peu Commune,1,0.12,0.12
Vertu intangible,Peu Commune,1,0.12,0.12
Moine de la main ouverte,Peu Commune,1,0.12,0.12
Bénédiction jumelame,Peu Commune,1,0.12,0.12
Tante May,Peu Commune,1,0.12,0.12
Dormeur bénalian,Commune,1,0.12,0.12
Cavalière argiviane,Commune,2,0.06,0.12
Valkyrie vaillante,Commune,2,0.06,0.12
Champion de Gueuledor,Commune,2,0.06,0.12
Chaparder,Peu Commune,2,0.06,0.12
Mèche,Peu Commune,1,0.12,0.12
Goule du sépulcre,Commune,2,0.06,0.12
Intervention des Parques,Commune,2,0.06,0.12
Scrige glaneur d'os,Commune,2,0.06,0.12
S'emparer du trésor,Commune,1,0.12,0.12
Amère révélation,Commune,2,0.06,0.12
S'emparer du trésor,Commune,1,0.12,0.12
Voile volante d'Havrefalaise,Commune,1,0.12,0.12
Soliste grésillant,Peu Commune,1,0.12,0.12
"Livaan, cultiste de Tiamat",Peu Commune,1,0.12,0.12
Jeune languefeu,Peu Commune,2,0.06,0.12
Emeute de rue,Commune,1,0.12,0.12
Infusion de fluipierre,Commune,1,0.12,0.12
Scinde-fléau mirran,Commune,1,0.12,0.12
Marée grouillante,Peu Commune,1,0.12,0.12
Pillards marchands,Peu Commune,1,0.12,0.12
"April, reporter de l'étrange",Peu Commune,1,0.12,0.12
Baleine aux nageoires d'acier,Commune,2,0.06,0.12
Exocet volant mystique,Commune,1,0.12,0.12
Négation,Commune,2,0.06,0.12
Expérience en fuite,Commune,2,0.06,0.12
Etranger hardi,Peu Commune,1,0.12,0.12
Troubadouresse errante,Peu Commune,1,0.12,0.12
Ecrabouilleur de la milice de cuivre,Peu Commune,1,0.12,0.12
Bagarreur nishoba,Peu Commune,1,0.12,0.12
Extension de la sphère,Peu Commune,1,0.12,0.12
Technique de la nouvelle génération,Peu Commune,1,0.12,0.12
Paladin de prédation,Peu Commune,2,0.06,0.12
Loup menaçant,Commune,2,0.06,0.12
Décomposition glorieuse,Commune,1,0.12,0.12
Prodige formeliane,Commune,2,0.06,0.12
Vous trouvez une idole maudite,Commune,2,0.06,0.12
Silhana Ledgewalker,Commune,1,0.12,0.12
"Oji, la lame exquise",Peu Commune,1,0.12,0.12
Tidecaller Mentor,Peu Commune,1,0.12,0.12
Bénédiction de l'épine d'hiver,Peu Commune,2,0.06,0.12
Ecureuil affamé,Peu Commune,1,0.12,0.12
"Judith, diva du fléau",Peu Commune,1,0.12,0.12
Hans Eriksson,Rare,1,0.12,0.12
Pionnier rampant,Peu Commune,1,0.12,0.12
Instructeur Queue-dorée,Peu Commune,1,0.12,0.12
"Zar Ojanen, scion d'Efrava",Peu Commune,2,0.06,0.12
Feu sacré,Peu Commune,1,0.12,0.12
Volée du guérisseur,Peu Commune,1,0.11,0.11
Aumônier ailecape,Peu Commune,1,0.11,0.11
Pied de biche de citoyen,Peu Commune,1,0.11,0.11
K.O.,Peu Commune,1,0.11,0.11
Gardienne céleste attentive,Commune,1,0.11,0.11
Arrestation de l'intercesseur,Commune,1,0.11,0.11
Courage des valeureux,Commune,1,0.11,0.11
En retard pour le dîner,Commune,1,0.11,0.11
Vaillant du Valbise,Commune,1,0.11,0.11
Sapience démoniaque,Peu Commune,1,0.11,0.11
Avant-garde de la légion,Peu Commune,1,0.11,0.11
Palais fin,Commune,1,0.11,0.11
Starforged Sword,Peu Commune,1,0.11,0.11
Coup-de-poing capennan,Peu Commune,1,0.11,0.11
Chevalier de diamant,Peu Commune,1,0.11,0.11
Atlas phyrexian,Commune,1,0.11,0.11
Longue-vue de l'explorateur,Commune,1,0.11,0.11
Karve des pillards,Commune,1,0.11,0.11
Oracle sciaphile,Rare,1,0.11,0.11
Meute de moggs,Peu Commune,1,0.11,0.11
"Mica, déchiffreur de ruines",Peu Commune,1,0.11,0.11
Shamane des clameurs,Peu Commune,1,0.11,0.11
Commodore de la flotte pourpre,Commune,1,0.11,0.11
Saisir l'opportunité,Commune,1,0.11,0.11
Chantesprit vodaliane,Rare,1,0.11,0.11
Registre de Tamiyo,Peu Commune,1,0.11,0.11
Assaillant à voile volante,Commune,1,0.11,0.11
Analyse en profondeur,Commune,1,0.11,0.11
Dégel,Commune,1,0.11,0.11
Insignifiance totale,Commune,1,0.11,0.11
Marche de la vie naissante,Rare,1,0.11,0.11
Capitaine de la garde d'ivoire,Peu Commune,1,0.11,0.11
Servorace,Commune,1,0.11,0.11
Communion avec les esprits,Commune,1,0.11,0.11
Grand veneur spectral,Commune,1,0.11,0.11
Cariatide ilyséenne,Commune,1,0.11,0.11
Vorrac contagieux,Commune,1,0.11,0.11
Séjourneur de la Yavimaya,Commune,1,0.11,0.11
Puissance de l'ancienne Krosia,Commune,1,0.11,0.11
Volée de bois,Commune,1,0.11,0.11
Géant juré aux elfes,Commune,1,0.11,0.11
"Tatyova, intendante des marées",Peu Commune,1,0.11,0.11
Mystique à jabots,Peu Commune,1,0.11,0.11
Assassins jumelames,Peu Commune,1,0.11,0.11
"Garna, poing-de-sang de keld",Peu Commune,1,0.11,0.11
Furie à griffe d'orage,Peu Commune,1,0.11,0.11
Aristocrate du cartel,Peu Commune,1,0.11,0.11
Invocatrice de trostani,Peu Commune,1,0.11,0.11
Lightning helix,Peu Commune,1,0.11,0.11
Soldat vétéran,Peu Commune,1,0.1,0.1
Financier judicieux,Peu Commune,1,0.1,0.1
Enfiler l'Anneau,Commune,1,0.1,0.1
Compagnonne bouclier beskir,Commune,2,0.05,0.1
Arrestation par un citoyen,Commune,2,0.05,0.1
Suivant de l'endoctrinement,Commune,1,0.1,0.1
Paladine inébranlable,Commune,2,0.05,0.1
Fier parent,Commune,1,0.1,0.1
Scribe vampire,Peu Commune,1,0.1,0.1
Argousin d'Orzhov,Peu Commune,1,0.1,0.1
Un deuil dans la famille,Peu Commune,1,0.1,0.1
Réceptacle infernal,Peu Commune,1,0.1,0.1
Emergence de la cuve,Peu Commune,1,0.1,0.1
Sacres vampiriques,Peu Commune,1,0.1,0.1
Pizza anchois et banane,Commune,1,0.1,0.1
Squelettes cliquetants,Commune,2,0.05,0.1
Chute abrupte,Commune,2,0.05,0.1
Terreur,Commune,1,0.1,0.1
Bolide d'évasion,Rare,1,0.1,0.1
Rempart ambulant,Peu Commune,1,0.1,0.1
Plan de vif-acier,Commune,1,0.1,0.1
Ours empaillé,Commune,2,0.05,0.1
Bombe crânienne de la Basilique,Commune,1,0.1,0.1
Epouvantail de la comté,Commune,1,0.1,0.1
Soufflaigreur,Commune,1,0.1,0.1
Prix de la loyauté,Commune,1,0.1,0.1
Bagarreur de taverne,Commune,1,0.1,0.1
Gobelin attrapeur d'oiseau,Commune,1,0.1,0.1
Frisson de probabilité,Commune,2,0.05,0.1
Tranchetendon bonnet-rouge,Commune,2,0.05,0.1
Lagac crachefeu,Commune,2,0.05,0.1
Flammes dentelées,Commune,1,0.1,0.1
Miauleur masqué,Commune,1,0.1,0.1
Roughshod Duo,Commune,1,0.1,0.1
Knightfisher,Peu Commune,1,0.1,0.1
Expérimentateur de tangentes,Peu Commune,1,0.1,0.1
garde de l'île d'Evos,Peu Commune,1,0.1,0.1
Aperçu du cosmos,Peu Commune,1,0.1,0.1
Mage célèste clinquant,Peu Commune,1,0.1,0.1
Vandale faerie,Peu Commune,1,0.1,0.1
Abomination rapace,Commune,2,0.05,0.1
Corsaire à voile volante,Commune,2,0.05,0.1
Rejet inhumain,Commune,1,0.1,0.1
Gardien infâme,Commune,1,0.1,0.1
Sphinx goliath,Commune,1,0.1,0.1
Protocole de perturbation,Commune,1,0.1,0.1
Récupération de l'alchimiste,Commune,1,0.1,0.1
Dispersion d'Ephara,Commune,1,0.1,0.1
Congelé sur place,Commune,1,0.1,0.1
Adepte élémentaliste,Commune,2,0.05,0.1
Thought shucker,Commune,1,0.1,0.1
Pérégrine intrépide,Peu Commune,2,0.05,0.1
"Halsin, archidruide d'Emeraude",Peu Commune,1,0.1,0.1
Vigie du Front de lianes,Peu Commune,1,0.1,0.1
Championne des sylves,Peu Commune,1,0.1,0.1
Tempête caquetante,Commune,1,0.1,0.1
Pisteur annelé,Commune,2,0.05,0.1
Maître d'arc de Lys Alana,Commune,1,0.1,0.1
Dryade de Padhiver,Commune,2,0.05,0.1
Ours-hibou,Commune,1,0.1,0.1
Bergère sylvestre,Commune,2,0.05,0.1
Herboriste écailleuse,Commune,1,0.1,0.1
Marcheclairière gardien,Commune,1,0.1,0.1
Mur de vignes florifères,Commune,2,0.05,0.1
Sentinelle magnigoth,Commune,1,0.1,0.1
Elfes de Llanowar,Commune,1,0.1,0.1
Putréfier,Rare,1,0.1,0.1
"Mauhúr, capitaine Uruk-hai",Peu Commune,1,0.1,0.1
Shamane de scission,Peu Commune,1,0.1,0.1
Lever de lune surnaturel,Peu Commune,1,0.1,0.1
Pégase des Hauts-Parcs,Rare,1,0.1,0.1
Chien de garde fidèle,Commune,1,0.1,0.1
Charme des Obscura,Peu Commune,1,0.1,0.1
Chers disparus,Rare,1,0.09,0.09
Frère de bande d'Ajani,Peu Commune,1,0.09,0.09
Balafre de bannissement,Peu Commune,1,0.09,0.09
Frappe divine,Peu Commune,1,0.09,0.09
Foi intacte,Peu Commune,1,0.09,0.09
Garde du gèlepont,Commune,1,0.09,0.09
Rayons perçants,Commune,1,0.09,0.09
Frappe provocatrice,Commune,1,0.09,0.09
Ailes du cosmos,Commune,1,0.09,0.09
Bouclier de paladin,Commune,1,0.09,0.09
Cerf-volant mandibulaire,Commune,1,0.09,0.09
Valkyrie de la grêle,Peu Commune,1,0.09,0.09
Eternel surveillant,Peu Commune,1,0.09,0.09
Folie du chercheur,Peu Commune,1,0.09,0.09
Marchande de Port-Crâne,Peu Commune,1,0.09,0.09
Rat cambrioleur,Commune,1,0.09,0.09
Occultiste novice,Commune,1,0.09,0.09
Couronne de flétrissement,Commune,1,0.09,0.09
Oracle de grès,Peu Commune,1,0.09,0.09
Trois bols de gruau,Peu Commune,1,0.09,0.09
Relique d'Orazca,Commune,1,0.09,0.09
Ailerons dorés,Commune,1,0.09,0.09
Artificier automatisé,Commune,1,0.09,0.09
Fissuration,Peu Commune,1,0.09,0.09
Choc,Commune,3,0.03,0.09
Feu du dragon,Commune,1,0.09,0.09
Bottes de rapidité,Commune,1,0.09,0.09
Fers de traîtrise,Commune,1,0.09,0.09
Immobilité en mouvement,Rare,1,0.09,0.09
Envergure astrale,Peu Commune,1,0.09,0.09
Petite discussion,Peu Commune,1,0.09,0.09
Interpréter les signes,Peu Commune,1,0.09,0.09
Fait ou fiction,Peu Commune,1,0.09,0.09
Amalgame du cimetière marin,Commune,3,0.03,0.09
Observateur au regard fixe,Commune,1,0.09,0.09
Luminesprit errant,Commune,1,0.09,0.09
Parachèvement de Tamiyo,Commune,1,0.09,0.09
Evasion d'anniversaire,Commune,1,0.09,0.09
Tortue intercotidale,Commune,1,0.09,0.09
Ailes d'eau,Commune,1,0.09,0.09
Déjouer la sécurité,Commune,1,0.09,0.09
Ascension de l'aspirant,Commune,1,0.09,0.09
Elémental de luxuriance,Peu Commune,1,0.09,0.09
Brutaliseur venimeux,Peu Commune,1,0.09,0.09
Butineurs krauls,Commune,1,0.09,0.09
Bulette,Commune,3,0.03,0.09
Chemin du Festival,Commune,1,0.09,0.09
Ancien des terrains boisés,Commune,1,0.09,0.09
Druidesse de clairpollen,Commune,1,0.09,0.09
Druide sangfeuille,Commune,1,0.09,0.09
Coup de poing sauvage,Commune,1,0.09,0.09
Grand tanuki,Commune,1,0.09,0.09
Restauration naturelle,Commune,1,0.09,0.09
Chantespore évolutive,Commune,1,0.09,0.09
Manteau du labyrinthe,Commune,1,0.09,0.09
Myconide du Cellier,Commune,1,0.09,0.09
Maîtresse d'épée iridescente,Commune,3,0.03,0.09
Clairvoyance elfe,Commune,1,0.09,0.09
Ravivement de la Comté,Commune,1,0.09,0.09
Sentinelle céphalopode,Peu Commune,1,0.09,0.09
Appel du briseciel,Rare,1,0.09,0.09
Regard du surveillant,Peu Commune,1,0.09,0.09
Charme de Plumargent,Peu Commune,1,0.09,0.09
Charme des Cabaretti,Peu Commune,1,0.09,0.09
"Rocco, cuisinier des Cabaretti",Peu Commune,1,0.09,0.09
Mystérieuse limousine,Rare,1,0.08,0.08
Apôtre de l'invasion,Peu Commune,1,0.08,0.08
Frappe d'Elspeth,Peu Commune,1,0.08,0.08
Rafistolage,Peu Commune,1,0.08,0.08
Pari divin,Peu Commune,1,0.08,0.08
Cavalière de la mesa,Commune,1,0.08,0.08
Couper les ponts,Commune,1,0.08,0.08
Eclat de la lentille,Commune,1,0.08,0.08
Gardien de la Maison des dieux,Commune,2,0.04,0.08
Assaut aérien,Commune,1,0.08,0.08
Cathares au clairon,Commune,2,0.04,0.08
Héron de l'espoir,Commune,1,0.08,0.08
Potion de guérison,Commune,1,0.08,0.08
Interrompre la lignée,Rare,1,0.08,0.08
Don de parachèvement,Peu Commune,1,0.08,0.08
Grima Langue de Serpent,Peu Commune,1,0.08,0.08
Tas de fléau,Peu Commune,1,0.08,0.08
Alliance mortelle,Commune,1,0.08,0.08
Don de l'alchimiste,Commune,1,0.08,0.08
Garde noire masquée,Commune,4,0.02,0.08
Sacrelame nezumi,Commune,2,0.04,0.08
Fouineur des tréfonds,Commune,1,0.08,0.08
Apparition en lambeaux,Commune,2,0.04,0.08
Regard annihilateur,Commune,1,0.08,0.08
Officiel de la cour corrompu,Commune,1,0.08,0.08
Cadeaux démoniaques,Commune,1,0.08,0.08
Ecuyère des quêteurs,Commune,2,0.04,0.08
Le tourment de Gollum,Commune,1,0.08,0.08
Voleur audacieux,Commune,1,0.08,0.08
Rage de sucre,Commune,1,0.08,0.08
Echardes d'os,Commune,1,0.08,0.08
Gobelin pourrissant,Commune,1,0.08,0.08
Sabre civique,Peu Commune,1,0.08,0.08
Diamant du ciel,Commune,1,0.08,0.08
Diamant du marbre,Commune,4,0.02,0.08
Gardien myr,Commune,1,0.08,0.08
"Page, feuille volante",Commune,1,0.08,0.08
Dragon de chardalyn,Commune,1,0.08,0.08
Colosse de foudracier,Commune,1,0.08,0.08
"Heiko Yamazaki, la générale",Peu Commune,1,0.08,0.08
Mains brûlantes,Peu Commune,1,0.08,0.08
Vétérane de Braisereth,Peu Commune,1,0.08,0.08
Book of Mazarbul,Peu Commune,1,0.08,0.08
Embusqueur Voldaren,Peu Commune,1,0.08,0.08
Ecraser les faibles,Peu Commune,1,0.08,0.08
Ambre Cartilage O'Maillet,Peu Commune,1,0.08,0.08
Carcasse veule,Commune,2,0.04,0.08
Aspirante greffelame,Commune,1,0.08,0.08
Gargadon,Commune,2,0.04,0.08
Succès retentissant,Commune,1,0.08,0.08
Evacuation des terriers,Commune,1,0.08,0.08
Glaneur gobelin,Commune,2,0.04,0.08
Expert du tacle,Commune,1,0.08,0.08
Cavalerie axgardienne,Commune,2,0.04,0.08
Brandon fanatique,Commune,1,0.08,0.08
Sphinx espion de la cité,Peu Commune,1,0.08,0.08
Déduire,Peu Commune,1,0.08,0.08
Bête éclipsante,Peu Commune,1,0.08,0.08
Anima de grimoire,Commune,2,0.04,0.08
Etanchement,Commune,1,0.08,0.08
Epurateurs des épaves,Commune,2,0.04,0.08
Idée radicale,Commune,1,0.08,0.08
Désinvocation,Commune,2,0.04,0.08
Drakôn muse,Commune,1,0.08,0.08
Dépuration temporelle,Commune,2,0.04,0.08
Forgeforme zhalfirin,Commune,1,0.08,0.08
Sage de château-Suif,Commune,1,0.08,0.08
Anatomiste gitaxien,Commune,1,0.08,0.08
Keymaster Rogue,Commune,1,0.08,0.08
Chaise de combat sylvoke,Peu Commune,2,0.04,0.08
Lien d'abondance,Peu Commune,1,0.08,0.08
Troll défieur,Peu Commune,1,0.08,0.08
Rôdeur loup sanguinaire,Commune,2,0.04,0.08
Enjambeur du verger,Commune,2,0.04,0.08
Semeur de faille,Commune,1,0.08,0.08
Frappe poussée,Commune,1,0.08,0.08
Veilleur de spores myconide,Commune,1,0.08,0.08
Maîtresse-porcin insouciante,Commune,1,0.08,0.08
Duel de domination,Commune,2,0.04,0.08
Agame des souches prenant le soleil,Commune,1,0.08,0.08
Habitant de Bois profond,Commune,1,0.08,0.08
Voile en peau de serpent,Commune,1,0.08,0.08
Ange de métropole,Peu Commune,1,0.08,0.08
"Vautour, charognard sournois",Peu Commune,1,0.08,0.08
Vieil Homme-Saule,Peu Commune,1,0.08,0.08
Cultivatrice de mortebaies,Commune,1,0.08,0.08
Salve bitumeuse,Peu Commune,1,0.08,0.08
Bouffon à piques,Commune,1,0.08,0.08
Elite des Foot,Commune,1,0.08,0.08
"Rhino, brute déferlante",Peu Commune,1,0.08,0.08
"Spider-Girl, lignée héroïque",Peu Commune,1,0.08,0.08
"Shanna, héritage de Sissay",Peu Commune,1,0.08,0.08
Ranger de l'Ordre du genévrier,Peu Commune,1,0.08,0.08
Citoyen vaillant,Commune,1,0.08,0.08
Charme des Maestros,Peu Commune,2,0.04,0.08
Conservateur angélique du musée,Peu Commune,1,0.07,0.07
Héraut du Soleil,Peu Commune,1,0.07,0.07
Pointe barbelée,Peu Commune,1,0.07,0.07
Samouraï béni par les cieux,Peu Commune,1,0.07,0.07
Quand nous étions enfants,Peu Commune,1,0.07,0.07
Cavalier céleste tranchant,Peu Commune,1,0.07,0.07
Chien esquiveur,Peu Commune,1,0.07,0.07
Ascension angélique,Peu Commune,1,0.07,0.07
Posture valeureuse,Peu Commune,1,0.07,0.07
Chevalière des regrets,Commune,1,0.07,0.07
Pont-levis mécanique,Commune,1,0.07,0.07
Célébrant impie,Commune,1,0.07,0.07
Emprisonnement de Sigarda,Commune,1,0.07,0.07
Raffine's Guidance,Commune,1,0.07,0.07
Frappe au sonar,Commune,1,0.07,0.07
Matraqueuse nocturne,Peu Commune,1,0.07,0.07
Défaillance malveillante,Peu Commune,1,0.07,0.07
Joueur de trompe de Rakdos,Commune,1,0.07,0.07
Nourrir le Grand serpent,Commune,1,0.07,0.07
Hanteur des Marais des Morts,Commune,1,0.07,0.07
Eventail de combat à lames,Commune,1,0.07,0.07
Héritage d'Alesha,Commune,1,0.07,0.07
Fléautier burrog,Commune,1,0.07,0.07
Archaïque transcendant,Peu Commune,1,0.07,0.07
Charrue colossale,Peu Commune,1,0.07,0.07
Attirail d'aventure,Peu Commune,1,0.07,0.07
Quinze mètres de corde,Commune,1,0.07,0.07
Effigie du mépris,Commune,1,0.07,0.07
Gardien du trône inébranlable,Commune,1,0.07,0.07
Barrière étincelante,Commune,1,0.07,0.07
Terminal du réseau,Commune,1,0.07,0.07
Ranger des terres frontalières,Peu Commune,1,0.07,0.07
Berserker balduvian,Peu Commune,1,0.07,0.07
Javelinière gobeline,Commune,1,0.07,0.07
Musiciens de Mutant Town,Commune,1,0.07,0.07
Frondeur de fragments,Commune,1,0.07,0.07
Serrurier gobelin,Commune,1,0.07,0.07
Au service de la fosse,Commune,1,0.07,0.07
Entrée explosive,Commune,1,0.07,0.07
Salve de grimoire,Commune,1,0.07,0.07
Abordeurs gobelins,Commune,1,0.07,0.07
Renforts de Ral,Commune,1,0.07,0.07
Colère ancestrale,Commune,1,0.07,0.07
"Alora, voleuse joyeuse",Peu Commune,1,0.07,0.07
Pickpocket psychique,Peu Commune,1,0.07,0.07
Rédaction mystique,Peu Commune,1,0.07,0.07
Drakôn charrieur,Peu Commune,1,0.07,0.07
Forgeur d'armes réputé,Peu Commune,1,0.07,0.07
"Meneldor, sauveur rapide",Peu Commune,1,0.07,0.07
"Gandalf, ami de la comté",Peu Commune,1,0.07,0.07
Déclencher la machine,Commune,1,0.07,0.07
Drakôn asticroc,Commune,1,0.07,0.07
Aquamibe,Commune,1,0.07,0.07
Porte en évolution,Rare,1,0.07,0.07
Prolifération virale,Peu Commune,1,0.07,0.07
Cobra aux yeux de gemmes,Commune,1,0.07,0.07
Pisteuse pestebranche,Commune,1,0.07,0.07
Arc long du rôdeur,Commune,1,0.07,0.07
Trouver un chemin,Commune,1,0.07,0.07
Vieux sage de la Yavimaya,Commune,1,0.07,0.07
Tisseracines des Trois arbres,Commune,1,0.07,0.07
Perspicacité du sphinx,Commune,1,0.07,0.07
Journaleuse curieuse,Commune,1,0.07,0.07
Vigie bandit,Commune,1,0.07,0.07
Electromancien gobelin,Commune,1,0.07,0.07
Ptérofractyle,Commune,1,0.07,0.07
Racines d'esprit,Peu Commune,1,0.07,0.07
Seigneur squameux perpétuel,Peu Commune,1,0.07,0.07
Gloire martiale,Commune,1,0.07,0.07
Charme des Courtiers,Peu Commune,1,0.07,0.07
"Toluz, conductrice futée",Rare,1,0.07,0.07
Sentinelle à l'ouïe fine,Peu Commune,1,0.06,0.06
Perdu dans la légende,Peu Commune,1,0.06,0.06
Projet de groupe,Peu Commune,1,0.06,0.06
Frondeur de Bolas,Commune,1,0.06,0.06
Instant de courage,Commune,1,0.06,0.06
Plonger dans l'hiver,Commune,1,0.06,0.06
Escouade de la Meute Sauvage,Commune,1,0.06,0.06
Relieur d'âmes,Commune,1,0.06,0.06
Krovod cuirassé,Commune,1,0.06,0.06
Autorité de la régente,Commune,1,0.06,0.06
Pégase d'Arborée,Commune,2,0.03,0.06
Avant-garde charismatique,Commune,1,0.06,0.06
Envol fugace,Commune,1,0.06,0.06
Conviction du zélateur,Commune,1,0.06,0.06
Tir du baleinier volant,Commune,1,0.06,0.06
Duelliste de vive foi,Commune,1,0.06,0.06
Réaction lapine,Commune,1,0.06,0.06
Tueur cuirassé,Rare,1,0.06,0.06
Défiguration,Peu Commune,1,0.06,0.06
Dragon noir,Peu Commune,1,0.06,0.06
"Gothmog, lieutenant de Morgul",Peu Commune,1,0.06,0.06
Aide improbable,Commune,2,0.03,0.06
Scarabée virus,Commune,1,0.06,0.06
Assassin de minuit,Commune,1,0.06,0.06
Le Souffle Noir,Commune,1,0.06,0.06
Proie du dragon,Commune,1,0.06,0.06
Diablotin charognard,Commune,1,0.06,0.06
Dévoré vivant,Commune,2,0.03,0.06
Cavalier de l'effroi,Commune,2,0.03,0.06
Diablotin fétide,Commune,1,0.06,0.06
Offrir l'immortalité,Commune,1,0.06,0.06
Fidèle de Koma,Commune,1,0.06,0.06
Warg menaçant,Commune,1,0.06,0.06
Contrainte,Commune,1,0.06,0.06
Meurtrisseur crassecroc,Commune,1,0.06,0.06
Funarque cruel,Commune,2,0.03,0.06
Simulez votre propre mort,Commune,1,0.06,0.06
Creuser une tombe,Commune,1,0.06,0.06
Gardien du trésor,Peu Commune,1,0.06,0.06
Cerf bruni,Peu Commune,1,0.06,0.06
Golem météoritique,Peu Commune,1,0.06,0.06
Trésor de la potionnière,Commune,1,0.06,0.06
Solvant universel,Commune,2,0.03,0.06
Coutelas de pirate,Commune,1,0.06,0.06
Armure de brute,Commune,1,0.06,0.06
projectile magique,Peu Commune,1,0.06,0.06
Brandon du rôdeur,Peu Commune,1,0.06,0.06
Deuxième rite selon Hidetsugu,Peu Commune,1,0.06,0.06
Négociation gobeline,Peu Commune,1,0.06,0.06
Transporteur de braises,Peu Commune,1,0.06,0.06
Morsure de gel,Commune,1,0.06,0.06
Manticore du mont Vélius,Commune,1,0.06,0.06
Lance d'éclairs,Commune,1,0.06,0.06
Eclair démoniaque,Commune,1,0.06,0.06
Beuglement furieux,Commune,1,0.06,0.06
Cabot ignescent,Commune,1,0.06,0.06
Garde des profondeurs de Karsus,Commune,1,0.06,0.06
Micromancienne,Peu Commune,2,0.03,0.06
Surineur né des embruns,Peu Commune,1,0.06,0.06
Agent futuriste,Peu Commune,1,0.06,0.06
Enfermé dans le cimetière,Commune,2,0.03,0.06
Collectionneur d'organes,Commune,1,0.06,0.06
Djinn prophètevent,Commune,2,0.03,0.06
Géante du givre protégel,Commune,2,0.03,0.06
Indolent d'Ashiok,Commune,1,0.06,0.06
Court-circuit,Commune,1,0.06,0.06
Guide pixie,Commune,1,0.06,0.06
Nuisance sur les toits,Commune,2,0.03,0.06
Laquais sacrifiable,Commune,1,0.06,0.06
Inspecteur d'écho,Commune,2,0.03,0.06
Vigie strix,Commune,1,0.06,0.06
Duo coquelux,Commune,1,0.06,0.06
Tabulateur de manuels,Commune,1,0.06,0.06
Dragon vert,Peu Commune,1,0.06,0.06
Luxueuse libation,Peu Commune,1,0.06,0.06
Bracelet tissetoile,Peu Commune,1,0.06,0.06
Don de paradis,Commune,2,0.03,0.06
Loup d'Arlinn,Commune,1,0.06,0.06
Morsure enragée,Commune,2,0.03,0.06
Croc de Shigeki,Commune,1,0.06,0.06
Hurlement de la chasse,Commune,2,0.03,0.06
Puissance des traditions,Commune,1,0.06,0.06
Entourage de Trest,Commune,1,0.06,0.06
Cycle alimentaire impitoyable,Commune,1,0.06,0.06
Elvish Aberration,Commune,1,0.06,0.06
Admirateur d'amanite,Commune,1,0.06,0.06
Trop de bras,Commune,1,0.06,0.06
Niko défie le destin,Peu Commune,1,0.06,0.06
Prince Imrahil le Beau,Peu Commune,1,0.06,0.06
"Aegar, la Flamme gelante",Peu Commune,1,0.06,0.06
Gardes du cycle,Peu Commune,1,0.06,0.06
Forgeur de charbon,Peu Commune,1,0.06,0.06
Ogre brise-siège,Peu Commune,1,0.06,0.06
"Denethor, surintendant gouvernant",Peu Commune,1,0.06,0.06
Seigneur de guerre souchefer,Peu Commune,1,0.06,0.06
"Gripoil, seigneur des chevaux",Peu Commune,1,0.06,0.06
"Cormela, voleuse majestueuse",Peu Commune,1,0.06,0.06
Duelliste discipliné,Peu Commune,2,0.03,0.06
Disciple du dragon,Peu Commune,1,0.05,0.05
Lancière zhalfirine,Peu Commune,1,0.05,0.05
Sunhome Stalwart,Peu Commune,1,0.05,0.05
Guerrier Bat-le-bouclier,Peu Commune,1,0.05,0.05
Fermier du Quartier de l'Est,Commune,1,0.05,0.05
Chevauche-chèvre sangamie,Commune,1,0.05,0.05
Fervent marduen,Commune,1,0.05,0.05
Ecuyer du roi,Commune,1,0.05,0.05
Renne à toison de gel,Commune,1,0.05,0.05
Thwip !,Commune,1,0.05,0.05
Eclairer la voie,Commune,1,0.05,0.05
Martyr de la cause,Commune,1,0.05,0.05
Archétype d'Eiganjo,Commune,1,0.05,0.05
Invocation de la divinité,Commune,1,0.05,0.05
Caprinodon paysagiste,Commune,1,0.05,0.05
Chevalier de la Nouvelle Coalition,Commune,1,0.05,0.05
Paladine dévouée,Commune,1,0.05,0.05
Charge héroïque,Commune,1,0.05,0.05
Réponse expéditive,Commune,1,0.05,0.05
Dévotion parachevée,Commune,1,0.05,0.05
Justicier à mandibules,Commune,1,0.05,0.05
Blâme lumineux,Commune,1,0.05,0.05
Ecourter,Commune,1,0.05,0.05
Infiltrateur encronaute,Commune,1,0.05,0.05
Poursuite de Kaito,Commune,1,0.05,0.05
Manticore,Commune,1,0.05,0.05
Vivisectrice phyrexiane,Commune,1,0.05,0.05
Incrimination,Commune,1,0.05,0.05
Concurrente surineuse,Commune,1,0.05,0.05
Ombre de sanie,Commune,1,0.05,0.05
Prêtre de la frontière hantée,Commune,1,0.05,0.05
Conservatrice répugnante,Commune,1,0.05,0.05
Lame-brandon,Commune,1,0.05,0.05
Rat au ventre de peste,Commune,1,0.05,0.05
Récupérateur provocateur,Commune,1,0.05,0.05
Dissident damné,Commune,1,0.05,0.05
Nappe de sanie,Commune,1,0.05,0.05
Cracheur d'arc,Peu Commune,1,0.05,0.05
Juxtaposeur de motifs,Peu Commune,1,0.05,0.05
Monument sultaï,Peu Commune,1,0.05,0.05
Bombe crânienne du Fourneau,Commune,1,0.05,0.05
Paquet comminatoire,Commune,1,0.05,0.05
Ferraillon myr,Commune,1,0.05,0.05
Familier de filigrane,Commune,1,0.05,0.05
Truand mécanique,Commune,1,0.05,0.05
Ferry de voyageurs,Commune,1,0.05,0.05
Sacrifice de Nahiri,Peu Commune,1,0.05,0.05
Châtiment de Markov,Peu Commune,1,0.05,0.05
Fléau intrépide,Peu Commune,1,0.05,0.05
Vous arrivez au camp des gnolls,Commune,1,0.05,0.05
Epée à louer désabusée,Commune,1,0.05,0.05
Vétérane d'armurerie,Commune,1,0.05,0.05
Voleur d'entrepôt,Commune,1,0.05,0.05
Rapière de duel,Commune,1,0.05,0.05
Foule de hagi,Commune,1,0.05,0.05
Héroïsme embrasé,Commune,1,0.05,0.05
Pieuvre d'acquisition,Peu Commune,1,0.05,0.05
Volée de corneilles,Peu Commune,1,0.05,0.05
Drakôn marin,Peu Commune,1,0.05,0.05
Revanche des noyés,Commune,1,0.05,0.05
Erudit des étoiles,Commune,1,0.05,0.05
Saute-grenouille,Commune,1,0.05,0.05
"Stockman, savant mouche",Commune,1,0.05,0.05
Contact avec un autre plan,Commune,1,0.05,0.05
Voltigeur chargé,Commune,1,0.05,0.05
Voyage en lieux inexplorés,Commune,1,0.05,0.05
"Doc Ock, scientifique sinistre",Commune,1,0.05,0.05
Négociatrice débrouillarde,Peu Commune,1,0.05,0.05
Triompher,Peu Commune,1,0.05,0.05
Béhémoth écailleux,Peu Commune,1,0.05,0.05
Garde de l'union orochi,Peu Commune,1,0.05,0.05
Kappa démolisseur de technologie,Peu Commune,1,0.05,0.05
Coup d'abattage,Peu Commune,1,0.05,0.05
Araignée sentinelle,Commune,1,0.05,0.05
Basilic d'Outreterre,Commune,1,0.05,0.05
Rôdeuse de l'Elturgard,Commune,1,0.05,0.05
Colonie de gnarlides,Commune,1,0.05,0.05
Puissance de l'âme,Commune,1,0.05,0.05
Faveur du fertilide,Commune,1,0.05,0.05
Band Together,Commune,1,0.05,0.05
Voyageuse ainok,Commune,1,0.05,0.05
Foulée haute,Commune,1,0.05,0.05
Griffon du Sénat,Commune,1,0.05,0.05
Troupier naguère,Commune,1,0.05,0.05
Dévastateur coupecendre,Peu Commune,1,0.05,0.05
Pelle de cérémonie,Peu Commune,1,0.05,0.05
"Tiana, pourvoyeuse de navire",Peu Commune,1,0.05,0.05
Commandement de Kayla,Rare,1,0.04,0.04
Fers de la foi,Peu Commune,1,0.04,0.04
Planaile d'hexor,Peu Commune,1,0.04,0.04
Valeur chevaleresque,Peu Commune,1,0.04,0.04
Apparition reconnaissante,Peu Commune,1,0.04,0.04
Sentinelle sigillaire,Commune,2,0.02,0.04
Bannir d'Edoras,Commune,1,0.04,0.04
Deuxième petit-déjeuner,Commune,1,0.04,0.04
Sanctificatrice du Celestus,Commune,2,0.02,0.04
Intervention de la Vagabonde,Commune,1,0.04,0.04
Mentor Sept-queues,Commune,2,0.02,0.04
Disciple Queue-dorée,Commune,1,0.04,0.04
Repousser l'abject,Commune,1,0.04,0.04
Gagner du temps,Commune,1,0.04,0.04
Inventaire du site de fouilles,Commune,1,0.04,0.04
Argousin à la runeloi,Commune,1,0.04,0.04
Bergère de la Basilique,Commune,1,0.04,0.04
Résolution hors réalité,Commune,1,0.04,0.04
Lame ancestrale,Commune,1,0.04,0.04
Carnage à plaques,Commune,1,0.04,0.04
Planeur d'incisives,Commune,1,0.04,0.04
Faucheuse Touque,Commune,1,0.04,0.04
Miasmes étouffants,Peu Commune,1,0.04,0.04
Fossoyeur,Peu Commune,2,0.02,0.04
Homicide,Commune,1,0.04,0.04
Soif de sorin,Commune,2,0.02,0.04
Braconnière de gibier,Commune,2,0.02,0.04
Tireuse d'élite en maraude,Commune,2,0.02,0.04
Kami des ombres agitées,Commune,1,0.04,0.04
Marche-ombre Dokuchi,Commune,1,0.04,0.04
Glidedive Duo,Commune,1,0.04,0.04
Barratement cadavérique,Commune,1,0.04,0.04
Siphonneur pestiféré,Commune,1,0.04,0.04
Tourmenteur à gages,Commune,1,0.04,0.04
Cantique de Tourach,Commune,1,0.04,0.04
Alourdir,Commune,1,0.04,0.04
Crebain du Pays de Dun,Commune,1,0.04,0.04
Furie phyrexiane,Commune,2,0.02,0.04
Fragments d'os,Commune,1,0.04,0.04
Ethérien brûlant,Commune,1,0.04,0.04
Faire cuire une tourte,Commune,1,0.04,0.04
Nuisance engine,Peu Commune,1,0.04,0.04
Pierre du cherchesapience,Peu Commune,1,0.04,0.04
Couronne sertie de runes,Peu Commune,1,0.04,0.04
Kunaï de ninja,Commune,1,0.04,0.04
Voile volante,Commune,2,0.02,0.04
Barque funéraire,Commune,1,0.04,0.04
Dague à dégaine rapide,Commune,1,0.04,0.04
Glob-golems,Commune,1,0.04,0.04
Babiole du voyageur,Commune,2,0.02,0.04
Hache amorphe,Commune,1,0.04,0.04
Gremlin du fourneau,Peu Commune,1,0.04,0.04
Arsenal improvisé,Commune,1,0.04,0.04
Géante ratisseciel,Commune,1,0.04,0.04
Centurion forgemarteau,Commune,1,0.04,0.04
Balafre du furielune,Commune,1,0.04,0.04
Marchefeu tuskeri,Commune,1,0.04,0.04
Barrage grésillant,Commune,1,0.04,0.04
Monstruosité pyroclastique,Commune,1,0.04,0.04
Frappe foudroyante,Commune,1,0.04,0.04
Graveuse d'axiome,Commune,1,0.04,0.04
Nuée de la Moria,Commune,1,0.04,0.04
Euphorie de la nouvelle-née,Commune,1,0.04,0.04
Intimidateur des sommets,Commune,1,0.04,0.04
Animeur talentueux,Peu Commune,1,0.04,0.04
Vivisection,Peu Commune,2,0.02,0.04
Dompteuse de skaab,Peu Commune,1,0.04,0.04
Soif de connaissance,Peu Commune,1,0.04,0.04
Dispersion d'essence,Peu Commune,1,0.04,0.04
Dissimulation fourbe,Commune,1,0.04,0.04
Surprise,Commune,1,0.04,0.04
Lynx de gel,Commune,1,0.04,0.04
Envahisseur sous-marin,Commune,1,0.04,0.04
Frappe de la bourrasque,Commune,1,0.04,0.04
Navigateur des Havres Gris,Commune,1,0.04,0.04
Terrible comme la tempête,Commune,1,0.04,0.04
martin-pêcheur d'Ithilien,Commune,1,0.04,0.04
Poigne électrique,Commune,1,0.04,0.04
Fuir ensemble,Commune,1,0.04,0.04
Enquêteur arcanique,Commune,1,0.04,0.04
Retardataire,Commune,1,0.04,0.04
Engloutir,Commune,1,0.04,0.04
Griffon au regard d'acier,Commune,1,0.04,0.04
Chevalière protocolaire,Commune,2,0.02,0.04
Repérage des lieux,Commune,1,0.04,0.04
Descendre dans la rue,Peu Commune,1,0.04,0.04
Sanglier territorial,Commune,1,0.04,0.04
Carcasse de floraison,Commune,1,0.04,0.04
Avaleur de bétail géant des collines,Commune,1,0.04,0.04
Mastodonte des frontières,Commune,1,0.04,0.04
Chasseur gnoll,Commune,1,0.04,0.04
Apparition de la bête des ombres,Commune,1,0.04,0.04
Fertilide,Commune,1,0.04,0.04
Rampeur à spores,Commune,1,0.04,0.04
Ailes brisées,Commune,2,0.02,0.04
Express de Capenna,Commune,1,0.04,0.04
Kavru mâcheur,Commune,1,0.04,0.04
Infirmière de peste,Commune,1,0.04,0.04
Vigie de Lothlorien,Commune,1,0.04,0.04
Regain de la nature,Commune,1,0.04,0.04
Parasite surdéveloppé,Commune,1,0.04,0.04
Nombreuses séparations,Commune,1,0.04,0.04
Désir selon Selton,Commune,1,0.04,0.04
Croissance gigantesque,Commune,1,0.04,0.04
Routine du vagabond,Commune,1,0.04,0.04
Retour à la nature,Commune,1,0.04,0.04
"Spider-Man, visionnaire de Brooklyn",Commune,1,0.04,0.04
Surveillance de la ville,Commune,1,0.04,0.04
Sculpteuse d'orage joyeuse,Peu Commune,2,0.02,0.04
Bortuk Oscrécelle,Peu Commune,1,0.04,0.04
Cerbère brûlant,Peu Commune,1,0.04,0.04
Gardes de Cerf-Orient,Peu Commune,1,0.04,0.04
Coqueluche du public,Peu Commune,1,0.04,0.04
Renforts héroïques,Peu Commune,1,0.04,0.04
"Baird, recruteur argivian",Peu Commune,1,0.04,0.04
Evaluateur de cadavre,Peu Commune,1,0.04,0.04
Hors-la-loi prestigieuse,Commune,2,0.02,0.04
Adjudicateurs de Spara,Commune,2,0.02,0.04
Parvenu intrépide,Peu Commune,2,0.02,0.04
Séraphine fracassée,Commune,2,0.02,0.04
Lumière de bannissement,Peu Commune,1,0.03,0.03
Charge des justes,Peu Commune,1,0.03,0.03
Garde du corps orateur de la Voie,Peu Commune,1,0.03,0.03
Garde d'écaille d'élite,Peu Commune,1,0.03,0.03
Samouraï lamesoleil,Commune,1,0.03,0.03
Souffle osseux,Commune,1,0.03,0.03
Herbaliste sanctive,Commune,1,0.03,0.03
Garde de la dixième circonscription,Commune,1,0.03,0.03
Acheter votre silence,Commune,1,0.03,0.03
Tisseracines de l'Ordre du genévrier,Commune,1,0.03,0.03
Posture du gardien hamato,Commune,1,0.03,0.03
Trappeur de Gavonie,Commune,1,0.03,0.03
Capitaine d'escouade,Commune,1,0.03,0.03
Messagère de Kinsbayel,Commune,1,0.03,0.03
Envoûteuse du bosquet aux chandelles,Commune,1,0.03,0.03
Garde-aube de Gavonie,Commune,1,0.03,0.03
Salve d'artillerie,Commune,1,0.03,0.03
Rallieuse de l'escouade,Commune,1,0.03,0.03
Frère d'armes aïnok,Commune,1,0.03,0.03
Expulser les indignes,Commune,1,0.03,0.03
Sinistre sigille,Peu Commune,1,0.03,0.03
Phtisie,Peu Commune,1,0.03,0.03
Viser la tête,Commune,1,0.03,0.03
Festoyeur des cryptes,Commune,1,0.03,0.03
Exploitation mortelle,Commune,1,0.03,0.03
Bénédiction de rage de bataille,Commune,1,0.03,0.03
Gardien véreux,Commune,1,0.03,0.03
Squelette interné,Commune,1,0.03,0.03
Peintre de marque d'humeur,Commune,1,0.03,0.03
Jumeaux de Maälfeld,Commune,1,0.03,0.03
Vapeurs méphitiques,Commune,1,0.03,0.03
Météorite,Commune,1,0.03,0.03
Sphère armillaire,Commune,1,0.03,0.03
Marionnette du dramaturge,Commune,1,0.03,0.03
Métro,Commune,1,0.03,0.03
Spider-bot,Commune,1,0.03,0.03
Finisseur d'Oxidda,Peu Commune,1,0.03,0.03
Provoquer les trolls,Peu Commune,1,0.03,0.03
Semeur de chaos,Commune,1,0.03,0.03
Immolation,Commune,1,0.03,0.03
Libéré de la chair,Commune,1,0.03,0.03
Prédateur taillécaille,Commune,1,0.03,0.03
Révolutionnaire,Commune,1,0.03,0.03
Blâme en fusion,Commune,1,0.03,0.03
Caqueteur de Kuldotha,Commune,1,0.03,0.03
Maître-lance haradrim,Commune,1,0.03,0.03
Barbelé calcinant,Commune,1,0.03,0.03
Pillarde corneboyaux,Commune,1,0.03,0.03
Salve incinératrice,Commune,1,0.03,0.03
Frontalier vicieux,Commune,1,0.03,0.03
Javelinier onakke,Commune,1,0.03,0.03
Dispute enflammée,Commune,1,0.03,0.03
Sommeil maléfique,Peu Commune,1,0.03,0.03
Riche marin,Commune,1,0.03,0.03
Collecteur de composantes,Commune,1,0.03,0.03
Assistant dément,Commune,1,0.03,0.03
Tellement brillant,Commune,1,0.03,0.03
Complètement perdu,Commune,1,0.03,0.03
Recalibrer,Commune,1,0.03,0.03
Os en cendres,Commune,1,0.03,0.03
Vent du saule,Commune,1,0.03,0.03
Escadron têtetonnere,Commune,1,0.03,0.03
Intervention providentielle,Commune,1,0.03,0.03
Protégée de Téfeiri,Commune,1,0.03,0.03
Synthétiseur de sanie,Commune,1,0.03,0.03
Tortue de l'égide,Commune,1,0.03,0.03
Champion orgueilleux,Commune,1,0.03,0.03
Foulée d'envergure,Commune,1,0.03,0.03
"Scarabée, successeure criminelle",Commune,1,0.03,0.03
Amélioration biosynthétique,Peu Commune,1,0.03,0.03
Menace bestiale,Peu Commune,1,0.03,0.03
Descente gracieuse,Peu Commune,1,0.03,0.03
Soulèvement des fourmis,Peu Commune,1,0.03,0.03
Voix de la vermine,Peu Commune,1,0.03,0.03
Porteuse de mémoire,Commune,1,0.03,0.03
Stagiaire de Jukai,Commune,1,0.03,0.03
Troll avaleur de pétrole,Commune,1,0.03,0.03
Gel scintillant,Commune,1,0.03,0.03
Tapotements à la fenêtre,Commune,1,0.03,0.03
Don de la façonneuse de vie,Commune,1,0.03,0.03
Porteur de Cul-de-sac,Commune,1,0.03,0.03
Mante à lames en treillis,Commune,1,0.03,0.03
Comédien circonspect,Commune,1,0.03,0.03
Animaux de compagnie exotiques,Peu Commune,1,0.03,0.03
Dératiseur III,Commune,1,0.03,0.03
Rivalité amicale,Peu Commune,1,0.03,0.03
Chroniqueur de héros,Commune,1,0.03,0.03
Bandits masqués,Commune,1,0.03,0.03
Voleur agile,Peu Commune,1,0.03,0.03
Vétérane irascible,Peu Commune,1,0.02,0.02
Charge inspirée,Commune,1,0.02,0.02
Désenchantement,Commune,1,0.02,0.02
Journalistes du Daily Bugle,Commune,1,0.02,0.02
Lames de lumière de Kellan,Commune,1,0.02,0.02
Jugement sommaire,Commune,1,0.02,0.02
Défiance bénie,Commune,1,0.02,0.02
Gryff guide-âmes,Commune,1,0.02,0.02
Pourfendre le monstrueux,Commune,1,0.02,0.02
Exorcisme de Thraben,Commune,1,0.02,0.02
Voile d'assimilation,Commune,1,0.02,0.02
Appel du capitaine,Commune,1,0.02,0.02
Professeur de pierre,Commune,1,0.02,0.02
Rendre inerte,Peu Commune,1,0.02,0.02
Gargantua phyrexian,Peu Commune,1,0.02,0.02
Porteuse de testament,Commune,1,0.02,0.02
Epuisé par le monde,Commune,1,0.02,0.02
Finisseuse de Vraska,Commune,1,0.02,0.02
Poids mort,Commune,1,0.02,0.02
Animal de compagnie infernal,Commune,1,0.02,0.02
Recruteuse draugr,Commune,1,0.02,0.02
Agent de Dhund,Commune,1,0.02,0.02
Abomination perverse,Commune,1,0.02,0.02
Blessure du couteau de Morgul,Commune,1,0.02,0.02
Pourrissement cérébral,Commune,1,0.02,0.02
Fléchette silencieuse,Commune,1,0.02,0.02
Gardetome du Biblioplexe,Commune,1,0.02,0.02
Mimique,Commune,1,0.02,0.02
"Valduk, gardien de la Flamme",Peu Commune,1,0.02,0.02
Pillard hystérique,Peu Commune,1,0.02,0.02
Giclée de magma,Commune,1,0.02,0.02
Equipe d'assaut kelde,Commune,1,0.02,0.02
Galopin à lame de scie,Commune,1,0.02,0.02
Balafre d'hexor,Commune,1,0.02,0.02
Fureur de pierre,Commune,1,0.02,0.02
Ogre des tourelles,Commune,1,0.02,0.02
Trahison de la meute,Commune,1,0.02,0.02
Guide furtif,Commune,1,0.02,0.02
Héros des jeux,Commune,1,0.02,0.02
Fureur du Soleil incandescent,Commune,1,0.02,0.02
Elémental d'air,Peu Commune,1,0.02,0.02
"Donatello, techie tortue",Commune,1,0.02,0.02
Survivante de Pelargir,Commune,1,0.02,0.02
Polymorphe de Mordenkainen,Commune,1,0.02,0.02
Elémental du culte de l'Air,Commune,1,0.02,0.02
Sommeil enchanté,Commune,1,0.02,0.02
Pêcheur de vif-argent,Commune,1,0.02,0.02
Espionnage phyrexian,Commune,1,0.02,0.02
Enjambeur de la Toile d'assimilation,Commune,1,0.02,0.02
Notion obsédante,Commune,1,0.02,0.02
Distraction fugace,Commune,1,0.02,0.02
Agente de Kotis,Commune,1,0.02,0.02
Spinoderme évolué,Rare,1,0.02,0.02
Entourage élégant,Peu Commune,1,0.02,0.02
Butin de la chasse,Commune,1,0.02,0.02
Fière-à-bras de Caldaïa,Commune,1,0.02,0.02
Rajeunisseuse de Cerf-orient,Commune,1,0.02,0.02
Négoce-pacotille,Commune,1,0.02,0.02
Marteleur rhox,Commune,1,0.02,0.02
Héritière du Croc ancien,Commune,1,0.02,0.02
Rôdeur caquetant,Commune,1,0.02,0.02
Cultivateur de lianerouille,Commune,1,0.02,0.02
Kami géothermique,Commune,1,0.02,0.02
Tomber à pic,Commune,1,0.02,0.02
Barde inspirateur,Commune,1,0.02,0.02
Tomber à pic,Commune,1,0.02,0.02
Arachnoforme,Commune,1,0.02,0.02
Naturalisation,Commune,1,0.02,0.02
Creuseterre de Dusyut,Commune,1,0.02,0.02
Capitaine d'équipe,Peu Commune,1,0.02,0.02
Fêtards galants,Commune,1,0.02,0.02
Ange perpétuel,Mythique,1,0.0,0.0
Vents dez Rajh,Rare,1,0.0,0.0
Salve dévastatreuse d'Urza,Rare,1,0.0,0.0
"Tomik, Distinguised Advokist",Rare,1,0.0,0.0
Invasion de Gobakhan,Rare,1,0.0,0.0
Enchanteresse envoûteuse,Peu Commune,1,0.0,0.0
La chute du seigneur Konda,Peu Commune,2,0.0,0.0
Mendiant adoré,Peu Commune,1,0.0,0.0
Puits portables,Peu Commune,2,0.0,0.0
Geist pertubateur,Peu Commune,1,0.0,0.0
Acolyte des sylves,Peu Commune,1,0.0,0.0
Berger voilé,Peu Commune,1,0.0,0.0
Modeleur de dunes de Tarkir,Commune,3,0.0,0.0
Lion à crinière blance,Commune,1,0.0,0.0
Ere de l'illumination,Commune,1,0.0,0.0
Souffle de lal corne de guerre,Commune,1,0.0,0.0
Vétéran lunarque,Commune,3,0.0,0.0
Pertubation planaire,Commune,1,0.0,0.0
Raptor équarisseur,Commune,1,0.0,0.0
Consécratrice du courager,Commune,1,0.0,0.0
Faucon du guérisseur,Commune,1,0.0,0.0
Amoônière du pont du jour,Commune,1,0.0,0.0
Lieur de foi bénalian,Commune,1,0.0,0.0
Patrouille en deuil,Commune,1,0.0,0.0
Ascendant sllith,Commune,1,0.0,0.0
Masse d'armes +2,Commune,1,0.0,0.0
Enjôleuse de Nebelgast,Commune,1,0.0,0.0
Page d'honneur,Commune,1,0.0,0.0
Faire une exemple,Rare,1,0.0,0.0
Eveiller les tombes,Rare,1,0.0,0.0
Somnophage cruel,Rare,1,0.0,0.0
"Fathis, familier chat d'ombre",Peu Commune,1,0.0,0.0
Manteau d'esprit,Peu Commune,1,0.0,0.0
Les longs confins de la nuit,Peu Commune,1,0.0,0.0
Miroir d'héritage,Peu Commune,1,0.0,0.0
Roublard pied léger,Peu Commune,1,0.0,0.0
Ancêtre déraciné,Peu Commune,1,0.0,0.0
Vaurien à lame-fléau,Peu Commune,1,0.0,0.0
Classe: sorcier,Peu Commune,1,0.0,0.0
Emprise du Démogorgon,Peu Commune,1,0.0,0.0
Gredine de Florenoire,Peu Commune,1,0.0,0.0
Congrégation méprise-sort,Peu Commune,1,0.0,0.0
Collectionneuse de sangsues,Peu Commune,1,0.0,0.0
Monolith Sinistre,Peu Commune,1,0.0,0.0
Experte en acquisition,Peu Commune,1,0.0,0.0
Dévoreur aventureux,Commune,1,0.0,0.0
Voyageur suspect,Commune,3,0.0,0.0
Pillage des héliastes Okiba,Commune,1,0.0,0.0
Récole d'étincelle,Commune,2,0.0,0.0
Tyrannoeil sinistre,Commune,2,0.0,0.0
Barricade ricanate,Commune,3,0.0,0.0
Consécration pour l'affliction,Commune,1,0.0,0.0
Extraction de vérité,Commune,1,0.0,0.0
Llame-croc yuan-ti,Commune,1,0.0,0.0
Battailleur du monde souterrain,Commune,1,0.0,0.0
Regard du tyrannoeil,Commune,1,0.0,0.0
Poursutie acharnée,Commune,1,0.0,0.0
Marchand gris d'Asphodel,Commune,1,0.0,0.0
Chauves-souris de lla Forêt Noire,Commune,1,0.0,0.0
Meneur d'âmes vampires,Commune,1,0.0,0.0
Arbitree silencieux,Rare,1,0.0,0.0
Corde étiolée,Rare,1,0.0,0.0
Oeil du pèlerin,Commune,3,0.0,0.0
Fosse hérisée de pieux,Commune,2,0.0,0.0
Invasion de Kaldheim,Rare,1,0.0,0.0
"Harnfel, corne d'abondance",Rare,1,0.0,0.0
Manoeuvre téméraire,Rare,1,0.0,0.0
"Chandra, artisane du feu",Rare,1,0.0,0.0
Pilleur de rêves,Rare,1,0.0,0.0
Dragon d'améthyste,Peu Commune,2,0.0,0.0
"Kazul, Tyran des Falaises",Peu Commune,1,0.0,0.0
Kumano affronte Kakkazan,Peu Commune,1,0.0,0.0
Feux de la victoire,Peu Commune,1,0.0,0.0
Garde du village,Peu Commune,1,0.0,0.0
Brigande Lamecroc,Peu Commune,1,0.0,0.0
Jeune dragon rouge,Commune,2,0.0,0.0
Relai zinguant,Commune,1,0.0,0.0
Ivocateur de Valakut,Commune,1,0.0,0.0
Peintre aux runes magiques,Commune,1,0.0,0.0
Infiltrateur de la Fête des moissons,Commune,1,0.0,0.0
Oeuf de dragon,Commune,1,0.0,0.0
Géant au coeur de cendres,Commune,2,0.0,0.0
Villageois terrifié,Commune,1,0.0,0.0
Ruffiane des tavernes,Commune,3,0.0,0.0
Enjambeur de fourneau,Commune,1,0.0,0.0
Gobelin balafré au gobelin,Commune,1,0.0,0.0
Elémentalise ardente,Commune,1,0.0,0.0
L'ère des états fracassés,Commune,1,0.0,0.0
Archère du brandon,Commune,2,0.0,0.0
Orage des dragons jaillissants,Commune,1,0.0,0.0
Brifaud de ferraile akki,Commune,1,0.0,0.0
Spécimen pris dans la glace,Rare,1,0.0,0.0
Inspiratioon de Château-Suif,Peu Commune,1,0.0,0.0
Pixie de Moonshae,Peu Commune,1,0.0,0.0
Carosse fantomatique,Peu Commune,2,0.0,0.0
Aviatrice encourageante,Peu Commune,1,0.0,0.0
Archiviste dépassé,Peu Commune,1,0.0,0.0
Votex de Rona,Peu Commune,1,0.0,0.0
"Malcolm, navigateur à l'oeil perçant",Peu Commune,1,0.0,0.0
Invasion de Kamigawa,Peu Commune,1,0.0,0.0
Collipervier,Peu Commune,2,0.0,0.0
Marin spectrale,Peu Commune,1,0.0,0.0
Spécialiste en duplicaiton,Peu Commune,1,0.0,0.0
Contempler l'Innommable,Peu Commune,1,0.0,0.0
Vagabond des vents,Commune,1,0.0,0.0
Esprit de chevaucheur de tempêtes,Commune,2,0.0,0.0
"Glacian, ingénieur de lithforce",Commune,1,0.0,0.0
Folimier,Commune,1,0.0,0.0
Pêcheur à l'hameçon,Commune,1,0.0,0.0
Fossoyeur de Slehoff,Commune,1,0.0,0.0
Escoufloeil,Commune,1,0.0,0.0
Geist d'emprisonnement,Commune,1,0.0,0.0
Invocateur malion,Commune,1,0.0,0.0
Oeil de Melcator,Commune,2,0.0,0.0
Gardien de Melcator,Commune,2,0.0,0.0
Inverseuse de marée Volshe,Commune,1,0.0,0.0
Chercheur de livres de sorts,Commune,1,0.0,0.0
Dredful as the storm,Commune,1,0.0,0.0
Technique de marcheflots,Commune,1,0.0,0.0
Yeux de Gitaxis,Commune,1,0.0,0.0
Invasion d'Ixalan,Rare,1,0.0,0.0
Préceptes de Karametra,Rare,1,0.0,0.0
Ermite de Gnottvold,Peu Commune,1,0.0,0.0
Instructeur en herbologie,Peu Commune,2,0.0,0.0
Dragon d'émeraude,Peu Commune,1,0.0,0.0
Dresseur de chien,Peu Commune,2,0.0,0.0
Libératrice de l'horizon,Peu Commune,3,0.0,0.0
Invasion de Muraganda,Peu Commune,1,0.0,0.0
Admiratrice d'oiseaux,Commune,5,0.0,0.0
Transporteur infatigable,Commune,3,0.0,0.0
Ettercap,Commune,1,0.0,0.0
Intendant de la prédation,Commune,1,0.0,0.0
Avancer dans les régions reculées,Commune,2,0.0,0.0
Marteau du labyrinthe,Commune,1,0.0,0.0
Racines assoifées,Commune,1,0.0,0.0
Lidworm bicéphale,Commune,1,0.0,0.0
Blaireau colossal,Commune,1,0.0,0.0
Troupeaurau bridé,Commune,1,0.0,0.0
"Hama Pashar, cherecheuse de ruines",Peu Commune,1,0.0,0.0
Défricheuse de nuages,Peu Commune,1,0.0,0.0
chuchotements,Commune,1,0.0,0.0
"Sanar, génie inachevé",Peu Commune,1,0.0,0.0
Chhimère au réacteur de sérum,Peu Commune,1,0.0,0.0
Inversion / Invention,Peu Commune,1,0.0,0.0
"Tibalt, imposteur cosmique",Mythique,1,0.0,0.0
Invasion d'Azgol,Peu Commune,2,0.0,0.0
"Radha, coeur de Keld",Rare,1,0.0,0.0
Dr. John Seward,Rare,1,0.0,0.0
Ajani au Grandcoeur,Rare,1,0.0,0.0
Assurance / Association,Rare,1,0.0,0.0
"Trelasarra, danseuse de la lune",Peu Commune,1,0.0,0.0
Baandemage qasali,Commune,1,0.0,0.0
"Wyleth, âme de l'acier",Mythique,1,0.0,0.0
Peaume déflectrice,Rare,1,0.0,0.0
Usure / Déchiqueture,Peu Commune,1,0.0,0.0
Ivasion de Kylem,Peu Commune,1,0.0,0.0
Commodore Calembredaine,Mythique,1,0.0,0.0
